 UGC2771448, TTT New Town,https://mod.io/g/pavlov/m/ttt-new-town, Mottflyer   DOWNLOADS TODAY/TOTAL; 42/20631 
 UGC2773654, Hydro,https://mod.io/g/pavlov/m/hydro1, MessiahPenguin   DOWNLOADS TODAY/TOTAL; 4/6558 
 UGC2773760, Gravity,https://mod.io/g/pavlov/m/gravity1, MessiahPenguin   DOWNLOADS TODAY/TOTAL; 200/50174 
 UGC2773863, EveryItem,https://mod.io/g/pavlov/m/everyitem1, MessiahPenguin   DOWNLOADS TODAY/TOTAL; 403/60462 
 UGC2788214, Tuscan 2022,https://mod.io/g/pavlov/m/t-5-1-1, Mr_NMP   DOWNLOADS TODAY/TOTAL; 1/7466 
 UGC2788277, Pipes,https://mod.io/g/pavlov/m/pipes1, MessiahPenguin   DOWNLOADS TODAY/TOTAL; 4/1182 
 UGC2790869, PavZ,https://mod.io/g/pavlov/m/pavz, ilPrimo   DOWNLOADS TODAY/TOTAL; 48/4226 
 UGC2794023, [Prop Hunt] Construction Yard,https://mod.io/g/pavlov/m/construction-site, MessiahPenguin   DOWNLOADS TODAY/TOTAL; 6/2763 
 UGC2802821, Colonist's Playground,https://mod.io/g/pavlov/m/colonists-test-map, BritishColonist   DOWNLOADS TODAY/TOTAL; 0/2555 
 UGC2802826, Prophunt Dunder Mifflin,https://mod.io/g/pavlov/m/dunder-mifflin, Left4pillz   DOWNLOADS TODAY/TOTAL; 151/42242 
 UGC2802847, KENNITHH's Playground,https://mod.io/g/pavlov/m/kennithhs-playground, KENNITHH   DOWNLOADS TODAY/TOTAL; 39/25454 
 UGC2802866, DarkAt26's Playground,https://mod.io/g/pavlov/m/playground26, DarkAt„ÉÑ   DOWNLOADS TODAY/TOTAL; 3/2718 
 UGC2802957, Black Ops 1 Gun Tests,https://mod.io/g/pavlov/m/bo1guntest, TreshyBoi   DOWNLOADS TODAY/TOTAL; 6/3875 
 UGC2803186, Raid Shadow Legends,https://mod.io/g/pavlov/m/raid-shadow-legends, TreshyBoi   DOWNLOADS TODAY/TOTAL; 0/620 
 UGC2803370, UltimateChimeraHunt,https://mod.io/g/pavlov/m/ultimatechimerahunt, StinkerThinker   DOWNLOADS TODAY/TOTAL; 1/852 
 UGC2803442, Bestest Buy,https://mod.io/g/pavlov/m/bestest-buy, ElevenVR   DOWNLOADS TODAY/TOTAL; 0/1825 
 UGC2803451, MCQuest TTT,https://mod.io/g/pavlov/m/mcquest-ttt1, McLovinUrMother   DOWNLOADS TODAY/TOTAL; 728/20314 
 UGC2803489, EatTestTools,https://mod.io/g/pavlov/m/eattesttools, King Julien   DOWNLOADS TODAY/TOTAL; 0/573 
 UGC2803492, Omsk 1919,https://mod.io/g/pavlov/m/omsk-1919, BritishColonist   DOWNLOADS TODAY/TOTAL; 1/7203 
 UGC2803729, Coconut Mall,https://mod.io/g/pavlov/m/coconut-mall, ElevenVR   DOWNLOADS TODAY/TOTAL; 30/937 
 UGC2803758, Resurgence,https://mod.io/g/pavlov/m/resurgence, ma7cus   DOWNLOADS TODAY/TOTAL; 44/26916 
 UGC2803820, de_basalt,https://mod.io/g/pavlov/m/de-basalt, ElevenVR   DOWNLOADS TODAY/TOTAL; 6/2136 
 UGC2804073, Militia 1.6,https://mod.io/g/pavlov/m/militia-16, ElevenVR   DOWNLOADS TODAY/TOTAL; 0/470 
 UGC2804210, MW3: Dome,https://mod.io/g/pavlov/m/dome, LordFluffeh   DOWNLOADS TODAY/TOTAL; 1/4129 
 UGC2804322, McDonalds (Supports Prophunt),https://mod.io/g/pavlov/m/mcdonalds, Left4pillz   DOWNLOADS TODAY/TOTAL; 412/127311 
 UGC2804502, Dust 2 CSGO,https://mod.io/g/pavlov/m/cn-dust-2, vdchina   DOWNLOADS TODAY/TOTAL; 75/33456 
 UGC2804617, Uplink,https://mod.io/g/pavlov/m/uplink3, SpinUK   DOWNLOADS TODAY/TOTAL; 0/747 
 UGC2804778, CocoNOT Mall,https://mod.io/g/pavlov/m/coconot-mall, ElevenVR   DOWNLOADS TODAY/TOTAL; 0/530 
 UGC2805630, gavkips' Testmap,https://mod.io/g/pavlov/m/gavkips-testmap, gavkips   DOWNLOADS TODAY/TOTAL; 0/2115 
 UGC2806311, surf!,https://mod.io/g/pavlov/m/surf2, zeRocketVR   DOWNLOADS TODAY/TOTAL; 0/660 
 UGC2806578, SWAT4 - Garage,https://mod.io/g/pavlov/m/swat4-garage3, markyxl   DOWNLOADS TODAY/TOTAL; 4/5023 
 UGC2806718, BO3 Nuk3town,https://mod.io/g/pavlov/m/nuk3town, mike-   DOWNLOADS TODAY/TOTAL; 7/9034 
 UGC2806952, Prophunt Inc.,https://mod.io/g/pavlov/m/prophunt-inc, Left4pillz   DOWNLOADS TODAY/TOTAL; 238/47886 
 UGC2807269, Anvil - Night,https://mod.io/g/pavlov/m/anvil-night, SpinUK   DOWNLOADS TODAY/TOTAL; 0/689 
 UGC2807885, Nate's Test Map,https://mod.io/g/pavlov/m/natestestmap, nateruzz   DOWNLOADS TODAY/TOTAL; 0/1716 
 UGC2808019, Port Mackerel,https://mod.io/g/pavlov/m/port-mackerel, ToppestOfDogs   DOWNLOADS TODAY/TOTAL; 0/592 
 UGC2808028, SNDBlockout_YH_Test1,https://mod.io/g/pavlov/m/sndblockout-v2-yh, YellowHat07   DOWNLOADS TODAY/TOTAL; 0/438 
 UGC2808129, Shadow Moses,https://mod.io/g/pavlov/m/shadow-moses, ToppestOfDogs   DOWNLOADS TODAY/TOTAL; 0/951 
 UGC2808848, Anvil - Day,https://mod.io/g/pavlov/m/anvil-day, SpinUK   DOWNLOADS TODAY/TOTAL; 0/562 
 UGC2808914, [PVFR] Test Map,https://mod.io/g/pavlov/m/pvfr-the-studio, Un_Cocotier   DOWNLOADS TODAY/TOTAL; 0/547 
 UGC2809514, Deathstar PvP (WIP),https://mod.io/g/pavlov/m/deathstar-pvp, TorskeRavn   DOWNLOADS TODAY/TOTAL; 0/618 
 UGC2809826, Kino Der Toten Testing CODz,https://mod.io/g/pavlov/m/kino-der-toten-testing, MichelCats   DOWNLOADS TODAY/TOTAL; 29/24408 
 UGC2810348, Stash House,https://mod.io/g/pavlov/m/stash-house3, DeadPixelVR   DOWNLOADS TODAY/TOTAL; 0/3448 
 UGC2810499, Escape From Pavlov 2,https://mod.io/g/pavlov/m/escape-from-pavlov1, DeadPixelVR   DOWNLOADS TODAY/TOTAL; 7/15132 
 UGC2810539, Prophunt Restaurant,https://mod.io/g/pavlov/m/prophunt-restaurant, Left4pillz   DOWNLOADS TODAY/TOTAL; 51/12025 
 UGC2810675, Euphrates [Push],https://mod.io/g/pavlov/m/euphrates, SpinUK   DOWNLOADS TODAY/TOTAL; 0/653 
 UGC2810764, Prophunt Inc 4: Warehouse,https://mod.io/g/pavlov/m/prophunt-inc-4-warehouse, Left4pillz   DOWNLOADS TODAY/TOTAL; 10/1766 
 UGC2811148, Atlas,https://mod.io/g/pavlov/m/atlas, McPick2   DOWNLOADS TODAY/TOTAL; 0/4199 
 UGC2811176, ValGunTest(V2.1)BETA,https://mod.io/g/pavlov/m/valguntestv21beta, CumShit52   DOWNLOADS TODAY/TOTAL; 0/801 
 UGC2811370, Escape The Dead,https://mod.io/g/pavlov/m/escape-the-dead, DeadPixelVR   DOWNLOADS TODAY/TOTAL; 1/4899 
 UGC2811593, Starship Vespera,https://mod.io/g/pavlov/m/starship-vespera, DeuceDropperExpress   DOWNLOADS TODAY/TOTAL; 0/1066 
 UGC2811999, Floating Isles,https://mod.io/g/pavlov/m/floating-isles, Left4pillz   DOWNLOADS TODAY/TOTAL; 4/1087 
 UGC2812175, Tigris,https://mod.io/g/pavlov/m/tigris, SpinUK   DOWNLOADS TODAY/TOTAL; 0/533 
 UGC2812319, Prophunt 67th Way,https://mod.io/g/pavlov/m/67th-way, Left4pillz   DOWNLOADS TODAY/TOTAL; 26/9820 
 UGC2812378, WW2 Brecourt Manor [Push],https://mod.io/g/pavlov/m/ww2-brecourt-manor2, TheTrueBrainslug   DOWNLOADS TODAY/TOTAL; 47/9516 
 UGC2812444, Prophunt Assault,https://mod.io/g/pavlov/m/assault-csgo, Left4pillz   DOWNLOADS TODAY/TOTAL; 5/1258 
 UGC2812580, Bunker Blitz,https://mod.io/g/pavlov/m/bunker-blitz, SpinUK   DOWNLOADS TODAY/TOTAL; 0/559 
 UGC2812878, Prophunt Burger King,https://mod.io/g/pavlov/m/burger-king, Left4pillz   DOWNLOADS TODAY/TOTAL; 73/22622 
 UGC2813388, Giger Shafts,https://mod.io/g/pavlov/m/giger-shafts, swat37   DOWNLOADS TODAY/TOTAL; 0/1468 
 UGC2813799, MC City TTT,https://mod.io/g/pavlov/m/mc-city-ttt, Mottflyer   DOWNLOADS TODAY/TOTAL; 14/29579 
 UGC2814416, 007 Casino Royale,https://mod.io/g/pavlov/m/casino-royale, Left4pillz   DOWNLOADS TODAY/TOTAL; 28/6323 
 UGC2814573, PavCraft (Closed Alpha),https://mod.io/g/pavlov/m/pavcraft3, Mathtim   DOWNLOADS TODAY/TOTAL; 6/7000 
 UGC2814661, Prophunt Clue,https://mod.io/g/pavlov/m/clue, Left4pillz   DOWNLOADS TODAY/TOTAL; 9/6276 
 UGC2814848, aim_map,https://mod.io/g/pavlov/m/aim-map, LordFluffeh   DOWNLOADS TODAY/TOTAL; 7/4779 
 UGC2815002, Prophunt Inc 3: CQC,https://mod.io/g/pavlov/m/prophunt-inc-3-cqc, Left4pillz   DOWNLOADS TODAY/TOTAL; 11/2436 
 UGC2815151, Exile,https://mod.io/g/pavlov/m/exile, Left4pillz   DOWNLOADS TODAY/TOTAL; 1/2045 
 UGC2815354, SWAT4 - Fairfax Residence,https://mod.io/g/pavlov/m/swat4-fairfax-residence3, markyxl   DOWNLOADS TODAY/TOTAL; 276/31433 
 UGC2815367, Prophunt cs_office,https://mod.io/g/pavlov/m/prophunt-cs-office, Left4pillz   DOWNLOADS TODAY/TOTAL; 9/1862 
 UGC2816097, base battle,https://mod.io/g/pavlov/m/base-battle, reddoor22741   DOWNLOADS TODAY/TOTAL; 0/555 
 UGC2816161, Mayan,https://mod.io/g/pavlov/m/mayan, McPick2   DOWNLOADS TODAY/TOTAL; 0/5040 
 UGC2816261, Halo 3 - Sandtrap,https://mod.io/g/pavlov/m/halo-sandtrap2, Brainlesss   DOWNLOADS TODAY/TOTAL; 1/1672 
 UGC2816840, Hunger Games,https://mod.io/g/pavlov/m/hunger-games1, DeadPixelVR   DOWNLOADS TODAY/TOTAL; 1/1553 
 UGC2816873, Prophunt Inc 2,https://mod.io/g/pavlov/m/prophunt-inc-2-bank, Left4pillz   DOWNLOADS TODAY/TOTAL; 142/10382 
 UGC2817649, UT2004-Convoy,https://mod.io/g/pavlov/m/ut2004-convoy, markyxl   DOWNLOADS TODAY/TOTAL; 0/1309 
 UGC2817792, Suijin (TF2),https://mod.io/g/pavlov/m/suijin-tf2, Left4pillz   DOWNLOADS TODAY/TOTAL; 3/1381 
 UGC2817844, Ballistic,https://mod.io/g/pavlov/m/ballistic, McPick2   DOWNLOADS TODAY/TOTAL; 1/5705 
 UGC2819161, Harvest (TF2),https://mod.io/g/pavlov/m/harvest-tf2, Left4pillz   DOWNLOADS TODAY/TOTAL; 8/2000 
 UGC2819268, 2Fort (TF2),https://mod.io/g/pavlov/m/2fort, Left4pillz   DOWNLOADS TODAY/TOTAL; 103/8990 
 UGC2819934, McDonalds Night,https://mod.io/g/pavlov/m/mcdonalds-night, Left4pillz   DOWNLOADS TODAY/TOTAL; 376/42148 
 UGC2820283, Fluffeh's Debug and logic testing environment,https://mod.io/g/pavlov/m/fluffehtesting, LordFluffeh   DOWNLOADS TODAY/TOTAL; 0/542 
 UGC2820291, Double Cross (TF2),https://mod.io/g/pavlov/m/double-cross-tf2, Left4pillz   DOWNLOADS TODAY/TOTAL; 6/1310 
 UGC2820337, SnowTrail [PUSH],https://mod.io/g/pavlov/m/snowtrail, KENNITHH   DOWNLOADS TODAY/TOTAL; 21/9356 
 UGC2820338, Halo Guns Testing Map,https://mod.io/g/pavlov/m/halo-guns-testing-map, TorskeRavn   DOWNLOADS TODAY/TOTAL; 1/2004 
 UGC2821968, backrooms battle,https://mod.io/g/pavlov/m/backrooms-battle, reddoor22741   DOWNLOADS TODAY/TOTAL; 0/993 
 UGC2824923, Highrise,https://mod.io/g/pavlov/m/highrise, Left4pillz   DOWNLOADS TODAY/TOTAL; 1/1839 
 UGC2825296, LifeMod2_0 IN TESTING,https://mod.io/g/pavlov/m/lifemod2-0, DaddyToad   DOWNLOADS TODAY/TOTAL; 0/623 
 UGC2825545, TTT_ShoppingMall,https://mod.io/g/pavlov/m/ttt-shoppingmall, Civilian0735   DOWNLOADS TODAY/TOTAL; 1/1752 
 UGC2826705, Sewers,https://mod.io/g/pavlov/m/sewers, Left4pillz   DOWNLOADS TODAY/TOTAL; 1/973 
 UGC2826805, Hidden Vally,https://mod.io/g/pavlov/m/competition, deathwillcome800   DOWNLOADS TODAY/TOTAL; 0/507 
 UGC2827018, CQB-Silo,https://mod.io/g/pavlov/m/silo, SpinUK   DOWNLOADS TODAY/TOTAL; 0/920 
 UGC2827215, BattleWar,https://mod.io/g/pavlov/m/battlewar, Un_Cocotier   DOWNLOADS TODAY/TOTAL; 175/16258 
 UGC2827773, BattleWar 2,https://mod.io/g/pavlov/m/battlewar-2, Un_Cocotier   DOWNLOADS TODAY/TOTAL; 2/3815 
 UGC2827985, 007 Bunker,https://mod.io/g/pavlov/m/007-bunker, Left4pillz   DOWNLOADS TODAY/TOTAL; 2/5258 
 UGC2828201, Rush Hour,https://mod.io/g/pavlov/m/rush-hour, Jeff85   DOWNLOADS TODAY/TOTAL; 0/1203 
 UGC2828260, World in the sky,https://mod.io/g/pavlov/m/world-in-the-sky, Un_Cocotier   DOWNLOADS TODAY/TOTAL; 1/1927 
 UGC2828355, BattleArena,https://mod.io/g/pavlov/m/battlearena, Un_Cocotier   DOWNLOADS TODAY/TOTAL; 0/898 
 UGC2829244, Terrarium,https://mod.io/g/pavlov/m/terrarium, Un_Cocotier   DOWNLOADS TODAY/TOTAL; 0/682 
 UGC2829349, Aztec (CS:GO),https://mod.io/g/pavlov/m/aztec, MiiMooest   DOWNLOADS TODAY/TOTAL; 23/6488 
 UGC2829895, NightZone,https://mod.io/g/pavlov/m/nightzone, Un_Cocotier   DOWNLOADS TODAY/TOTAL; 0/686 
 UGC2829997, 007 Cradle,https://mod.io/g/pavlov/m/007-cradle, Left4pillz   DOWNLOADS TODAY/TOTAL; 0/1377 
 UGC2829998, WarZone,https://mod.io/g/pavlov/m/warzone, Un_Cocotier   DOWNLOADS TODAY/TOTAL; 0/905 
 UGC2830099, 007 Runway,https://mod.io/g/pavlov/m/007-runway, Left4pillz   DOWNLOADS TODAY/TOTAL; 0/3062 
 UGC2830130, Guerilla,https://mod.io/g/pavlov/m/guerilla, Un_Cocotier   DOWNLOADS TODAY/TOTAL; 0/656 
 UGC2830195, CityWar,https://mod.io/g/pavlov/m/citywar, Un_Cocotier   DOWNLOADS TODAY/TOTAL; 0/811 
 UGC2830290, BattleWar 3,https://mod.io/g/pavlov/m/battlewar-3, Un_Cocotier   DOWNLOADS TODAY/TOTAL; 0/876 
 UGC2830510, SnowFall,https://mod.io/g/pavlov/m/riverside, Un_Cocotier   DOWNLOADS TODAY/TOTAL; 0/525 
 UGC2830707, Prophunt Richtown,https://mod.io/g/pavlov/m/richtown, Left4pillz   DOWNLOADS TODAY/TOTAL; 4/1100 
 UGC2830770, Pistol Office,https://mod.io/g/pavlov/m/pistol-office, Un_Cocotier   DOWNLOADS TODAY/TOTAL; 1/2959 
 UGC2831522, Gasworks,https://mod.io/g/pavlov/m/gasworks, Slappynote   DOWNLOADS TODAY/TOTAL; 0/871 
 UGC2832632, BorkBork,https://mod.io/g/pavlov/m/borkbork1, MessiahPenguin   DOWNLOADS TODAY/TOTAL; 1/820 
 UGC2833513, Final Destination FAST,https://mod.io/g/pavlov/m/final-destination-fast, LordFluffeh   DOWNLOADS TODAY/TOTAL; 9/2130 
 UGC2833539, Solstice,https://mod.io/g/pavlov/m/solstice, lightningd27   DOWNLOADS TODAY/TOTAL; 1/1648 
 UGC2836506, TorskeRavn Test Map,https://mod.io/g/pavlov/m/star-wars-gun-range1, TorskeRavn   DOWNLOADS TODAY/TOTAL; 0/553 
 UGC2837150, Vs AI: Donut Shop,https://mod.io/g/pavlov/m/vsaidonutshop, tponcho711   DOWNLOADS TODAY/TOTAL; 0/2562 
 UGC2838250, Fresh Meat,https://mod.io/g/pavlov/m/fresh-meat, Jeff85   DOWNLOADS TODAY/TOTAL; 0/742 
 UGC2839512, Domino's 2,https://mod.io/g/pavlov/m/dominos-2, LordFluffeh   DOWNLOADS TODAY/TOTAL; 7/1204 
 UGC2839629, River Station,https://mod.io/g/pavlov/m/river-station, TheTrueBrainslug   DOWNLOADS TODAY/TOTAL; 0/689 
 UGC2840314, Crypts,https://mod.io/g/pavlov/m/crypts, dkqgqn   DOWNLOADS TODAY/TOTAL; 0/1255 
 UGC2840384, [CSGO] Mirage,https://mod.io/g/pavlov/m/mirage, MessiahPenguin   DOWNLOADS TODAY/TOTAL; 3/3082 
 UGC2840452, Wibbly wobbly timey wimey,https://mod.io/g/pavlov/m/wibbly-wobbly-timey-wimey, LordFluffeh   DOWNLOADS TODAY/TOTAL; 0/763 
 UGC2840583, nautica,https://mod.io/g/pavlov/m/nautica, LordFluffeh   DOWNLOADS TODAY/TOTAL; 4/4000 
 UGC2841131, [CSGO] Lake,https://mod.io/g/pavlov/m/lake, MessiahPenguin   DOWNLOADS TODAY/TOTAL; 0/2539 
 UGC2841715, Remnant,https://mod.io/g/pavlov/m/remnant1, MessiahPenguin   DOWNLOADS TODAY/TOTAL; 0/658 
 UGC2842874, [CSGO] Amigo,https://mod.io/g/pavlov/m/amigo, MessiahPenguin   DOWNLOADS TODAY/TOTAL; 10/1457 
 UGC2843468, Conga,https://mod.io/g/pavlov/m/conga, LordFluffeh   DOWNLOADS TODAY/TOTAL; 0/783 
 UGC2844388, Project Venator,https://mod.io/g/pavlov/m/project-venator, mike-   DOWNLOADS TODAY/TOTAL; 0/459 
 UGC2844446, Bingus,https://mod.io/g/pavlov/m/bingus, LordFluffeh   DOWNLOADS TODAY/TOTAL; 6/677 
 UGC2844898, [CSGO] Militia,https://mod.io/g/pavlov/m/militia, MessiahPenguin   DOWNLOADS TODAY/TOTAL; 1/2202 
 UGC2845116, [CSGO] Safehouse,https://mod.io/g/pavlov/m/safehouse, MessiahPenguin   DOWNLOADS TODAY/TOTAL; 0/2030 
 UGC2845324, [Prop Hunt] Eggplant Farm,https://mod.io/g/pavlov/m/eggplant-farm, MessiahPenguin   DOWNLOADS TODAY/TOTAL; 6/6884 
 UGC2846803, Kinetic,https://mod.io/g/pavlov/m/kinetic, LordFluffeh   DOWNLOADS TODAY/TOTAL; 0/845 
 UGC2847072, SHAME CUBE,https://mod.io/g/pavlov/m/shamecube, LordFluffeh   DOWNLOADS TODAY/TOTAL; 4/630 
 UGC2847379, Berlin,https://mod.io/g/pavlov/m/berlin, MessiahPenguin   DOWNLOADS TODAY/TOTAL; 41/13625 
 UGC2849391, DDAY RUSH,https://mod.io/g/pavlov/m/dday-rush1, MessiahPenguin   DOWNLOADS TODAY/TOTAL; 80/24714 
 UGC2849688, testing yes,https://mod.io/g/pavlov/m/test201, 1blazing1   DOWNLOADS TODAY/TOTAL; 0/593 
 UGC2856317, New Year-SND,https://mod.io/g/pavlov/m/new-year-snd, BOT_MARCO   DOWNLOADS TODAY/TOTAL; 0/1007 
 UGC2857647, Area S4,https://mod.io/g/pavlov/m/facility115, virtualbaker   DOWNLOADS TODAY/TOTAL; 0/516 
 UGC2863169, CN Mirage CSGO,https://mod.io/g/pavlov/m/cn-miragemercenary-vs-superhero3, vdchina   DOWNLOADS TODAY/TOTAL; 0/996 
 UGC2865953, Prophunt Abandoned Hotel,https://mod.io/g/pavlov/m/prophunt-inc-5, Left4pillz   DOWNLOADS TODAY/TOTAL; 5/1425 
 UGC2866474, Gun Game,https://mod.io/g/pavlov/m/placeholder, LordFluffeh   DOWNLOADS TODAY/TOTAL; 0/858 
 UGC2867687, Overpass CSGO,https://mod.io/g/pavlov/m/overpass, vdchina   DOWNLOADS TODAY/TOTAL; 14/12615 
 UGC2870692, Pool Day,https://mod.io/g/pavlov/m/pool-day, Left4pillz   DOWNLOADS TODAY/TOTAL; 6/2540 
 UGC2871454, Train CSGO,https://mod.io/g/pavlov/m/cnoverpass, vdchina   DOWNLOADS TODAY/TOTAL; 25/4587 
 UGC2874668, 1918 PUSH HC (BETA),https://mod.io/g/pavlov/m/1918, no-   DOWNLOADS TODAY/TOTAL; 63/10321 
 UGC2876508, üéâ,https://mod.io/g/pavlov/m/party-emoji, LordFluffeh   DOWNLOADS TODAY/TOTAL; 15/3513 
 UGC2877615, Alchemist's Manor,https://mod.io/g/pavlov/m/mansion, Brainlesss   DOWNLOADS TODAY/TOTAL; 0/632 
 UGC2879562, Italy CSGO,https://mod.io/g/pavlov/m/cn-italy, vdchina   DOWNLOADS TODAY/TOTAL; 1/3295 
 UGC2879675, MTNVLY 2.0,https://mod.io/g/pavlov/m/mtnvly-20, MTNVLY   DOWNLOADS TODAY/TOTAL; 0/493 
 UGC2880150, Muzzle Flash,https://mod.io/g/pavlov/m/muzzle-flash, LordFluffeh   DOWNLOADS TODAY/TOTAL; 0/690 
 UGC2880155, Marble Forest,https://mod.io/g/pavlov/m/marble-forest, LordFluffeh   DOWNLOADS TODAY/TOTAL; 0/613 
 UGC2880160, Mope Mope,https://mod.io/g/pavlov/m/mope-mope, LordFluffeh   DOWNLOADS TODAY/TOTAL; 0/845 
 UGC2883129, 007 Japan,https://mod.io/g/pavlov/m/007-japan, Left4pillz   DOWNLOADS TODAY/TOTAL; 11/1658 
 UGC2884476, Dystopia,https://mod.io/g/pavlov/m/dystopia, ZarrosUE5   DOWNLOADS TODAY/TOTAL; 8/5622 
 UGC2884638, Cyberslum,https://mod.io/g/pavlov/m/cyberslum1, ZarrosUE5   DOWNLOADS TODAY/TOTAL; 0/1618 
 UGC2886330, Sky Temple (Day/Night),https://mod.io/g/pavlov/m/sky-temple-daynight, ZarrosUE5   DOWNLOADS TODAY/TOTAL; 0/697 
 UGC2886544, Trainscalation,https://mod.io/g/pavlov/m/trainscalation, ZarrosUE5   DOWNLOADS TODAY/TOTAL; 0/1556 
 UGC2886595, Airliner (Day/Night),https://mod.io/g/pavlov/m/airliner, ZarrosUE5   DOWNLOADS TODAY/TOTAL; 0/1242 
 UGC2886630, Crazy Chase (D/N),https://mod.io/g/pavlov/m/crazy-chase-dn, ZarrosUE5   DOWNLOADS TODAY/TOTAL; 0/1002 
 UGC2886706, Inconvenient Store,https://mod.io/g/pavlov/m/inconvenient-store, ZarrosUE5   DOWNLOADS TODAY/TOTAL; 2/7902 
 UGC2886806, KILL CLUB,https://mod.io/g/pavlov/m/kill-club, ZarrosUE5   DOWNLOADS TODAY/TOTAL; 0/667 
 UGC2886889, Pavlovs of the Caribbean,https://mod.io/g/pavlov/m/pavlovsofthecaribbeanue5, ZarrosUE5   DOWNLOADS TODAY/TOTAL; 0/905 
 UGC2887244, aim_map [no armour],https://mod.io/g/pavlov/m/aim-map-no-armour, LordFluffeh   DOWNLOADS TODAY/TOTAL; 0/863 
 UGC2888008, 2 boys 1 room,https://mod.io/g/pavlov/m/2-boys-1-room, ZarrosUE5   DOWNLOADS TODAY/TOTAL; 0/762 
 UGC2888042, Cliffs (Day/Night),https://mod.io/g/pavlov/m/cliffs-daynight, ZarrosUE5   DOWNLOADS TODAY/TOTAL; 0/727 
 UGC2888086, Caged,https://mod.io/g/pavlov/m/caged, ZarrosUE5   DOWNLOADS TODAY/TOTAL; 0/870 
 UGC2888124, Left in the car,https://mod.io/g/pavlov/m/left-in-the-car, ZarrosUE5   DOWNLOADS TODAY/TOTAL; 0/668 
 UGC2888157, Garden-Heroes,https://mod.io/g/pavlov/m/garden-heroes, ZarrosUE5   DOWNLOADS TODAY/TOTAL; 0/737 
 UGC2888205, Toy-Soldiers,https://mod.io/g/pavlov/m/toy-soldiers, ZarrosUE5   DOWNLOADS TODAY/TOTAL; 0/1145 
 UGC2888227, Inside,https://mod.io/g/pavlov/m/inside, ZarrosUE5   DOWNLOADS TODAY/TOTAL; 0/581 
 UGC2888234, KILL CIRCUS,https://mod.io/g/pavlov/m/kill-circus, ZarrosUE5   DOWNLOADS TODAY/TOTAL; 1/857 
 UGC2888263, Inka (Day/Night),https://mod.io/g/pavlov/m/inka-daynight, ZarrosUE5   DOWNLOADS TODAY/TOTAL; 0/735 
 UGC2888298, Dry Sea (Day/Night),https://mod.io/g/pavlov/m/dry-sea-daynight, ZarrosUE5   DOWNLOADS TODAY/TOTAL; 0/668 
 UGC2888337, Tropical Rock (D/N),https://mod.io/g/pavlov/m/tropical-rock-dn, ZarrosUE5   DOWNLOADS TODAY/TOTAL; 0/505 
 UGC2888400, Insane in Ukraine (D/N),https://mod.io/g/pavlov/m/insane-in-ukraine-dn, ZarrosUE5   DOWNLOADS TODAY/TOTAL; 0/855 
 UGC2888403, Airsoft_WEST_1,https://mod.io/g/pavlov/m/airsoft-west1-5-1-1, Franzi57   DOWNLOADS TODAY/TOTAL; 1/5434 
 UGC2896800, Airsoft_Forest_3,https://mod.io/g/pavlov/m/airsoft-forest-3-5111, Franzi57   DOWNLOADS TODAY/TOTAL; 0/1283 
 UGC2906774, Frog,https://mod.io/g/pavlov/m/frog, LordFluffeh   DOWNLOADS TODAY/TOTAL; 0/414 
 UGC2911758, PavWare,https://mod.io/g/pavlov/m/pavware, mike-   DOWNLOADS TODAY/TOTAL; 0/469 
 UGC2912730, PavWare,https://mod.io/g/pavlov/m/pavware2, gavkips   DOWNLOADS TODAY/TOTAL; 0/526 
 UGC2914188, CODZ Parity Merge,https://mod.io/g/pavlov/m/codz-parity-merge, xCeezyx   DOWNLOADS TODAY/TOTAL; 0/1382 
 UGC2916514, No's Test Map 2,https://mod.io/g/pavlov/m/nos-test-map-2, no-   DOWNLOADS TODAY/TOTAL; 0/703 
 UGC2919693, VÃµÕùÕäÃîÕåÕÇÕÜÕëÕÅÃÅÃëÕíÕñÕôÃ≤ÃØÃßÃûÕáÃ≤ÕîÃ§·¥á Ä·¥õ…™·¥Ñ·¥Ä ü ü è ·¥ú…¥·¥Ñ ú·¥Ä ü ü·¥á…¥…¢·¥á·¥Ö[WIP],https://mod.io/g/pavlov/m/horizontallyunchallenged, LordFluffeh   DOWNLOADS TODAY/TOTAL; 0/443 
 UGC2922578, Lavapit,https://mod.io/g/pavlov/m/lavapit, Cactus_VR_Studios   DOWNLOADS TODAY/TOTAL; 0/515 
 UGC2925816, Bullet Train,https://mod.io/g/pavlov/m/bullet-train, Left4pillz   DOWNLOADS TODAY/TOTAL; 25/4332 
 UGC2938585, DeucesCharacterTestroom,https://mod.io/g/pavlov/m/deucescharactertestroom, DeuceDropperExpress   DOWNLOADS TODAY/TOTAL; 0/559 
 UGC2938720, (test)Dwarven Cave City(TDM Gun Game OITC SND),https://mod.io/g/pavlov/m/wubnubmap, bluetog   DOWNLOADS TODAY/TOTAL; 0/593 
 UGC2943937, Olive Garden 2,https://mod.io/g/pavlov/m/olive-garden-2, LordFluffeh   DOWNLOADS TODAY/TOTAL; 18/2090 
 UGC2945379, Funney,https://mod.io/g/pavlov/m/funney, pederwe12   DOWNLOADS TODAY/TOTAL; 0/460 
 UGC2955081, Station31,https://mod.io/g/pavlov/m/station31, SpinUK   DOWNLOADS TODAY/TOTAL; 0/691 
 UGC2966136, Pacific Storm Fix,https://mod.io/g/pavlov/m/pacific-storm-fix, mike-   DOWNLOADS TODAY/TOTAL; 0/545 
 UGC2968362, deuce guns 6,https://mod.io/g/pavlov/m/deuce-guns-6, DeuceDropperExpress   DOWNLOADS TODAY/TOTAL; 0/876 
 UGC2970978, [COD4] Nuketown,https://mod.io/g/pavlov/m/cod4-nuketown, MessiahPenguin   DOWNLOADS TODAY/TOTAL; 541/83508 
 UGC2971042, [COD4] Summit,https://mod.io/g/pavlov/m/cod4-summit, MessiahPenguin   DOWNLOADS TODAY/TOTAL; 13/4887 
 UGC2972134, [COD4] Firing Range,https://mod.io/g/pavlov/m/cod4-firing-range, MessiahPenguin   DOWNLOADS TODAY/TOTAL; 62/3657 
 UGC2978545, Craig Johnson Map 1,https://mod.io/g/pavlov/m/craig-johnson-map-1, CraigJohnson   DOWNLOADS TODAY/TOTAL; 0/589 
 UGC2992119, Ikea 3008 (TESTING),https://mod.io/g/pavlov/m/test, StinkerThinker   DOWNLOADS TODAY/TOTAL; 0/548 
 UGC2996823, Inferno CSGO,https://mod.io/g/pavlov/m/inferno-csgo, ThinSleeves   DOWNLOADS TODAY/TOTAL; 5/11963 
 UGC2999465, Airsoft_Tropical_Island,https://mod.io/g/pavlov/m/airsoft-tropical-island, Franzi57   DOWNLOADS TODAY/TOTAL; 1/881 
 UGC3001194, Test War Map,https://mod.io/g/pavlov/m/idk2, StinkerThinker   DOWNLOADS TODAY/TOTAL; 0/518 
 UGC3001937, PushTest,https://mod.io/g/pavlov/m/pushtest, Brav_Soldat   DOWNLOADS TODAY/TOTAL; 0/544 
 UGC3002208, Zoo (CS:GO),https://mod.io/g/pavlov/m/zoo-51, MiiMooest   DOWNLOADS TODAY/TOTAL; 0/3081 
 UGC3002600, Fire (CS:GO),https://mod.io/g/pavlov/m/fire, MiiMooest   DOWNLOADS TODAY/TOTAL; 29/4301 
 UGC3004969, Airsoft_WEST_2,https://mod.io/g/pavlov/m/airsoft-west-2-1, Franzi57   DOWNLOADS TODAY/TOTAL; 0/657 
 UGC3008240, WW3: IRON CURTAIN,https://mod.io/g/pavlov/m/spring-offensive-ww1, no-   DOWNLOADS TODAY/TOTAL; 0/1587 
 UGC3009241, Split VALORANT,https://mod.io/g/pavlov/m/split-valorant1, Koldunchek   DOWNLOADS TODAY/TOTAL; 1/1693 
 UGC3011126, de_dust2 (CS1.6),https://mod.io/g/pavlov/m/dust-2-16, MiiMooest   DOWNLOADS TODAY/TOTAL; 0/1226 
 UGC3018770, Studio (CS:GO),https://mod.io/g/pavlov/m/studio, MiiMooest   DOWNLOADS TODAY/TOTAL; 0/2298 
 UGC3020535, Mirage CSGO,https://mod.io/g/pavlov/m/mirage-csgo, ThinSleeves   DOWNLOADS TODAY/TOTAL; 47/16393 
 UGC3020695, Poachers Market,https://mod.io/g/pavlov/m/poachers-market, TEL_L   DOWNLOADS TODAY/TOTAL; 0/630 
 UGC3021735, Haven Valorant W.I.P.,https://mod.io/g/pavlov/m/haven-valorant1, Koldunchek   DOWNLOADS TODAY/TOTAL; 0/796 
 UGC3022427, Paint Ball,https://mod.io/g/pavlov/m/paint-ball, StinkerThinker   DOWNLOADS TODAY/TOTAL; 0/551 
 UGC3030223, CODz Parity - UE5 Upgrade Testing,https://mod.io/g/pavlov/m/codz-parity-ue5-upgrade-testing, gavkips   DOWNLOADS TODAY/TOTAL; 6/3344 
 UGC3030724, TestTown5.0,https://mod.io/g/pavlov/m/testtown502, johnwick13500   DOWNLOADS TODAY/TOTAL; 0/476 
 UGC3032599, Apex,https://mod.io/g/pavlov/m/apex, McPick2   DOWNLOADS TODAY/TOTAL; 2/3657 
 UGC3036150, SPEED HALO,https://mod.io/g/pavlov/m/speed-halo, Leaf115   DOWNLOADS TODAY/TOTAL; 0/5649 
 UGC3036325, my_first_mod,https://mod.io/g/pavlov/m/my-first-mod, RC76   DOWNLOADS TODAY/TOTAL; 0/509 
 UGC3037601, [CSGO] Pool_day,https://mod.io/g/pavlov/m/csgo-pool-day, LordFluffeh   DOWNLOADS TODAY/TOTAL; 16/5429 
 UGC3038563, RC's Mod.01,https://mod.io/g/pavlov/m/rcs-mod011, RC76   DOWNLOADS TODAY/TOTAL; 0/617 
 UGC3038947, Halo 2 Turf,https://mod.io/g/pavlov/m/halo-2-turf, blueEagle12   DOWNLOADS TODAY/TOTAL; 0/795 
 UGC3039143, Halo 3 VOI,https://mod.io/g/pavlov/m/halo-3-voi, blueEagle12   DOWNLOADS TODAY/TOTAL; 1/821 
 UGC3042588, fy_iceworld_arena,https://mod.io/g/pavlov/m/fy-iceworld-arena, swat37   DOWNLOADS TODAY/TOTAL; 0/661 
 UGC3043833, Open World,https://mod.io/g/pavlov/m/stylized-survival, StinkerThinker   DOWNLOADS TODAY/TOTAL; 0/572 
 UGC3048398, Facility-7: Genetics B,https://mod.io/g/pavlov/m/facility-7-genetics, Spyjack   DOWNLOADS TODAY/TOTAL; 0/617 
 UGC3048982, Malibu,https://mod.io/g/pavlov/m/malibu, McPick2   DOWNLOADS TODAY/TOTAL; 20/7641 
 UGC3050400, KillerJim's Breakfloor,https://mod.io/g/pavlov/m/breakfloor1, KillerJimUK   DOWNLOADS TODAY/TOTAL; 0/762 
 UGC3050826, dm_Forge,https://mod.io/g/pavlov/m/pavlov-forge, MaverickActual   DOWNLOADS TODAY/TOTAL; 0/1914 
 UGC3051188, Zetch's Vietnam5.1.1 (V.2),https://mod.io/g/pavlov/m/vietnam511-v2, Zetch_   DOWNLOADS TODAY/TOTAL; 0/815 
 UGC3051820, Office CSGO,https://mod.io/g/pavlov/m/office-csgo, ThinSleeves   DOWNLOADS TODAY/TOTAL; 0/9581 
 UGC3054096, Venice,https://mod.io/g/pavlov/m/venice, McPick2   DOWNLOADS TODAY/TOTAL; 19/5457 
 UGC3054923, Fire CSGO,https://mod.io/g/pavlov/m/fire-csgo, ThinSleeves   DOWNLOADS TODAY/TOTAL; 0/1274 
 UGC3056794, 1V1 Warehouse,https://mod.io/g/pavlov/m/testmap4, Sam7372   DOWNLOADS TODAY/TOTAL; 3/898 
 UGC3061028, Vice,https://mod.io/g/pavlov/m/vice, McPick2   DOWNLOADS TODAY/TOTAL; 29/8987 
 UGC3068410, ButtMap,https://mod.io/g/pavlov/m/buttmap, Buzz_McCallister   DOWNLOADS TODAY/TOTAL; 34/9110 
 UGC3068524, Ivory Tower,https://mod.io/g/pavlov/m/ivory-tower, Buzz_McCallister   DOWNLOADS TODAY/TOTAL; 5/871 
 UGC3068669, Vigilance,https://mod.io/g/pavlov/m/vigilence, Buzz_McCallister   DOWNLOADS TODAY/TOTAL; 5/5113 
 UGC3068811, Imperial Castle,https://mod.io/g/pavlov/m/imperial-castle, Buzz_McCallister   DOWNLOADS TODAY/TOTAL; 22/2129 
 UGC3069993, Terminal,https://mod.io/g/pavlov/m/terminal, Buzz_McCallister   DOWNLOADS TODAY/TOTAL; 4/4089 
 UGC3071872, Zanzibar,https://mod.io/g/pavlov/m/zanzibar, Buzz_McCallister   DOWNLOADS TODAY/TOTAL; 4/4040 
 UGC3072232, Lockout,https://mod.io/g/pavlov/m/lockout, Buzz_McCallister   DOWNLOADS TODAY/TOTAL; 1/1330 
 UGC3072323, Turf,https://mod.io/g/pavlov/m/turf, Buzz_McCallister   DOWNLOADS TODAY/TOTAL; 3/1057 
 UGC3072355, Winter Cottage,https://mod.io/g/pavlov/m/winter-cottage1, elaine_sgb   DOWNLOADS TODAY/TOTAL; 0/591 
 UGC3072671, Sanctuary,https://mod.io/g/pavlov/m/sanctuary, Buzz_McCallister   DOWNLOADS TODAY/TOTAL; 0/736 
 UGC3072919, Tombstone,https://mod.io/g/pavlov/m/tombstone, Buzz_McCallister   DOWNLOADS TODAY/TOTAL; 46/3528 
 UGC3073046, Collosus,https://mod.io/g/pavlov/m/collosus, Buzz_McCallister   DOWNLOADS TODAY/TOTAL; 0/851 
 UGC3073279, Containment,https://mod.io/g/pavlov/m/containment, Buzz_McCallister   DOWNLOADS TODAY/TOTAL; 0/815 
 UGC3073391, Headlong,https://mod.io/g/pavlov/m/headlong1, Buzz_McCallister   DOWNLOADS TODAY/TOTAL; 1/3433 
 UGC3073539, Frostdrake Tower (ZE),https://mod.io/g/pavlov/m/frostdrake-tower-ze, EconnAKZ   DOWNLOADS TODAY/TOTAL; 0/3694 
 UGC3073725, Frozen Temple (ZE),https://mod.io/g/pavlov/m/frozen-temple-ze, EconnAKZ   DOWNLOADS TODAY/TOTAL; 0/2036 
 UGC3076966, MW3: Mission,https://mod.io/g/pavlov/m/mission, LordFluffeh   DOWNLOADS TODAY/TOTAL; 0/532 
 UGC3081825, Prophunt Western,https://mod.io/g/pavlov/m/prophunt-western, Left4pillz   DOWNLOADS TODAY/TOTAL; 116/6320 
 UGC3082354, TTT_Ratcorp_Town,https://mod.io/g/pavlov/m/ttt-ratcorp-town, minimanmaxi   DOWNLOADS TODAY/TOTAL; 0/839 
 UGC3082408, Mountain Valley Reborn,https://mod.io/g/pavlov/m/mountain-valley-reborn, MTNVLY   DOWNLOADS TODAY/TOTAL; 3/1704 
 UGC3082519, R6: House [SND TDM DM],https://mod.io/g/pavlov/m/r6-house-snd-tdm-dm, thorwin99   DOWNLOADS TODAY/TOTAL; 1/4879 
 UGC3082796, Villa: Minecraft Deathmatch,https://mod.io/g/pavlov/m/villa-minecraft-deathmatch, NabilS   DOWNLOADS TODAY/TOTAL; 0/734 
 UGC3082845, L4D2 Rooftop Testing (ZWV WIP),https://mod.io/g/pavlov/m/l4d2-no-mercy-rooftop-wip, DomsMad   DOWNLOADS TODAY/TOTAL; 52/7823 
 UGC3082868, RE4 Village,https://mod.io/g/pavlov/m/re4-village, Glitch5970   DOWNLOADS TODAY/TOTAL; 0/1359 
 UGC3083004, UFO Crash Site,https://mod.io/g/pavlov/m/ufo-crash-site, elaine_sgb   DOWNLOADS TODAY/TOTAL; 0/562 
 UGC3083424, RE4 - Castle,https://mod.io/g/pavlov/m/re4-castle, Glitch5970   DOWNLOADS TODAY/TOTAL; 0/661 
 UGC3083425, RE4 - Island,https://mod.io/g/pavlov/m/re4-island, Glitch5970   DOWNLOADS TODAY/TOTAL; 0/586 
 UGC3083429, RE4 Waterworld / Dockside,https://mod.io/g/pavlov/m/re4-waterworld-dockside, Glitch5970   DOWNLOADS TODAY/TOTAL; 0/590 
 UGC3083431, RE4 Salazar's Maze/Garden,https://mod.io/g/pavlov/m/re4-salazars-mazegarden, Glitch5970   DOWNLOADS TODAY/TOTAL; 0/601 
 UGC3083432, RE4 - Krauser's Stronghold,https://mod.io/g/pavlov/m/re4-krausers-stronghold, Glitch5970   DOWNLOADS TODAY/TOTAL; 0/657 
 UGC3083433, RE4 - Underground Ruins,https://mod.io/g/pavlov/m/re4-underground-ruins, Glitch5970   DOWNLOADS TODAY/TOTAL; 0/674 
 UGC3083434, RE4 - Military Base &amp; Capsule Chamber,https://mod.io/g/pavlov/m/re4-military-base-capsule-chamber, Glitch5970   DOWNLOADS TODAY/TOTAL; 0/555 
 UGC3083588, Speed Gun,https://mod.io/g/pavlov/m/speed-gun, gavkips   DOWNLOADS TODAY/TOTAL; 0/583 
 UGC3083724, Ghoulies Mansion [WIP],https://mod.io/g/pavlov/m/grabbed-by-the-ghoulies-mansion, jamesbrq   DOWNLOADS TODAY/TOTAL; 0/553 
 UGC3083986, BO2 Raid Day,https://mod.io/g/pavlov/m/bo2-raid-day, Predatory   DOWNLOADS TODAY/TOTAL; 0/2345 
 UGC3084151, MW3_Hardhat,https://mod.io/g/pavlov/m/mw3-hardhat, tobi-polar   DOWNLOADS TODAY/TOTAL; 0/706 
 UGC3084185, Reds Rp,https://mod.io/g/pavlov/m/reds-rp, reddoor22741   DOWNLOADS TODAY/TOTAL; 0/559 
 UGC3084806, Villa: Minecraft Zombies,https://mod.io/g/pavlov/m/villa-minecraft-zombies, NabilS   DOWNLOADS TODAY/TOTAL; 5/10225 
 UGC3084882, BATTLE OF ARNHEM (BETA),https://mod.io/g/pavlov/m/battle-of-arnhem, VR-CHECK   DOWNLOADS TODAY/TOTAL; 1/4074 
 UGC3084980, Roblox Tycoon,https://mod.io/g/pavlov/m/roblox-tycoon3, boxofbiscuits97   DOWNLOADS TODAY/TOTAL; 0/1346 
 UGC3084986, Hospital Roof,https://mod.io/g/pavlov/m/hospital-roof, KENNITHH   DOWNLOADS TODAY/TOTAL; 0/531 
 UGC3085188, Pearl,https://mod.io/g/pavlov/m/pearl, McPick2   DOWNLOADS TODAY/TOTAL; 17/4016 
 UGC3085903, ASC29 (Testing dont play),https://mod.io/g/pavlov/m/asc29, DarkAt„ÉÑ   DOWNLOADS TODAY/TOTAL; 0/494 
 UGC3086063, Dawnville WWII,https://mod.io/g/pavlov/m/dawnville, Golden()   DOWNLOADS TODAY/TOTAL; 20/3852 
 UGC3086259, TGG Sewer,https://mod.io/g/pavlov/m/tgg-sewer, ParuTora   DOWNLOADS TODAY/TOTAL; 0/526 
 UGC3086335, Carentan France,https://mod.io/g/pavlov/m/carentan, Golden()   DOWNLOADS TODAY/TOTAL; 0/947 
 UGC3086457, vr_item_testing,https://mod.io/g/pavlov/m/vr-item-testing, reddoor22741   DOWNLOADS TODAY/TOTAL; 0/546 
 UGC3086459, SCP push map,https://mod.io/g/pavlov/m/scp-push-map4, That_guy420   DOWNLOADS TODAY/TOTAL; 1/1414 
 UGC3086553, BravSoldat,https://mod.io/g/pavlov/m/bravsoldat, Brav_Soldat   DOWNLOADS TODAY/TOTAL; 0/533 
 UGC3086807, Toujane Tunisia,https://mod.io/g/pavlov/m/toujane, Golden()   DOWNLOADS TODAY/TOTAL; 22/4002 
 UGC3087417, Rogueport,https://mod.io/g/pavlov/m/rogueport, jamesbrq   DOWNLOADS TODAY/TOTAL; 0/694 
 UGC3087803, Bioshock TTT,https://mod.io/g/pavlov/m/bioshock-ttt2, Kraboo_   DOWNLOADS TODAY/TOTAL; 0/1346 
 UGC3087808, EscheressenceTTTv2,https://mod.io/g/pavlov/m/escheressence2, pass6host   DOWNLOADS TODAY/TOTAL; 0/997 
 UGC3088058, zen,https://mod.io/g/pavlov/m/zen1, Kraboo_   DOWNLOADS TODAY/TOTAL; 0/645 
 UGC3088116, Burgundy France,https://mod.io/g/pavlov/m/burgundy, Golden()   DOWNLOADS TODAY/TOTAL; 0/912 
 UGC3088535, Leningrad Russia,https://mod.io/g/pavlov/m/leningrad, Golden()   DOWNLOADS TODAY/TOTAL; 0/638 
 UGC3088865, BO2 Raid Night,https://mod.io/g/pavlov/m/bo2-raid-night, Predatory   DOWNLOADS TODAY/TOTAL; 0/586 
 UGC3089497, DeckersTestMappington,https://mod.io/g/pavlov/m/deckerstestmappington, Deckar   DOWNLOADS TODAY/TOTAL; 0/483 
 UGC3090259, Halo 2 Zanzibar,https://mod.io/g/pavlov/m/halo-2-zanzibar, Predatory   DOWNLOADS TODAY/TOTAL; 1/1001 
 UGC3090419, St Mere Eglise France,https://mod.io/g/pavlov/m/st-mere-eglise, Golden()   DOWNLOADS TODAY/TOTAL; 0/616 
 UGC3090472, VineYard.02[Push][ww2],https://mod.io/g/pavlov/m/vineyardfix-testpush, VR-Pontus   DOWNLOADS TODAY/TOTAL; 0/1406 
 UGC3090501, Matmata Tunisia,https://mod.io/g/pavlov/m/matmata, Golden()   DOWNLOADS TODAY/TOTAL; 0/610 
 UGC3090571, Railyard Russia,https://mod.io/g/pavlov/m/railyard, Golden()   DOWNLOADS TODAY/TOTAL; 0/644 
 UGC3090622, Alley (Shack-PC),https://mod.io/g/pavlov/m/alley, Gatto_nero   DOWNLOADS TODAY/TOTAL; 1/781 
 UGC3090639, SCP:Secret Laboratory,https://mod.io/g/pavlov/m/scpsecret-laboratory, Ernest326   DOWNLOADS TODAY/TOTAL; 4/3359 
 UGC3090768, portal,https://mod.io/g/pavlov/m/portal, reddoor22741   DOWNLOADS TODAY/TOTAL; 0/571 
 UGC3092199, The Hidden Map,https://mod.io/g/pavlov/m/the-hidden-map, LukasGlahn   DOWNLOADS TODAY/TOTAL; 0/599 
 UGC3093105, Excess Express,https://mod.io/g/pavlov/m/excess-express, jamesbrq   DOWNLOADS TODAY/TOTAL; 0/532 
 UGC3094133, Twin Towers,https://mod.io/g/pavlov/m/rural, Dusty26IT8aPy5XrwfC   DOWNLOADS TODAY/TOTAL; 0/560 
 UGC3094343, Egypt TTT,https://mod.io/g/pavlov/m/egypt-ttt2, Tylerrocks   DOWNLOADS TODAY/TOTAL; 0/610 
 UGC3094506, Pipes,https://mod.io/g/pavlov/m/pipes, theTravellerVR   DOWNLOADS TODAY/TOTAL; 0/920 
 UGC3094680, Stockpile,https://mod.io/g/pavlov/m/stockpile, FlatTarmac   DOWNLOADS TODAY/TOTAL; 1/2580 
 UGC3094700, Theta,https://mod.io/g/pavlov/m/theta, bo1dee   DOWNLOADS TODAY/TOTAL; 0/706 
 UGC3094877, Leaf's Admin Menu Testing,https://mod.io/g/pavlov/m/leafs-admin-menu-testing, Leaf115   DOWNLOADS TODAY/TOTAL; 0/699 
 UGC3094925, Nevada 1989,https://mod.io/g/pavlov/m/nevada-1989, Jeff85   DOWNLOADS TODAY/TOTAL; 0/7625 
 UGC3095471, untitled,https://mod.io/g/pavlov/m/untitled, StinkerThinker   DOWNLOADS TODAY/TOTAL; 0/517 
 UGC3095684, Ampsterdam ( COD:CW),https://mod.io/g/pavlov/m/ampsterdam-codcw, Joseph_fallen   DOWNLOADS TODAY/TOTAL; 0/528 
 UGC3097601, Liminal,https://mod.io/g/pavlov/m/liminal, bo1dee   DOWNLOADS TODAY/TOTAL; 0/794 
 UGC3098031, NukeTown (Bo1),https://mod.io/g/pavlov/m/shootingrangewip, AnonymityMatt   DOWNLOADS TODAY/TOTAL; 3/1644 
 UGC3099715, Sphynx's Aim Wolrd II,https://mod.io/g/pavlov/m/sphynxs-aim-wolrd-ii, lavisg2001   DOWNLOADS TODAY/TOTAL; 0/742 
 UGC3099724, TTT_Snow,https://mod.io/g/pavlov/m/ttt-snow2, martinezkalel56   DOWNLOADS TODAY/TOTAL; 0/514 
 UGC3099930, Splatter Monkey,https://mod.io/g/pavlov/m/splatter-monkey, Leaf115   DOWNLOADS TODAY/TOTAL; 0/4137 
 UGC3101461, Out of Control!,https://mod.io/g/pavlov/m/ooc, ZarrosUE5   DOWNLOADS TODAY/TOTAL; 0/946 
 UGC3101616, definetly not og containers,https://mod.io/g/pavlov/m/definetly-not-og-containers, sharpbelt636   DOWNLOADS TODAY/TOTAL; 0/585 
 UGC3101760, RussianRouletteTTTv2,https://mod.io/g/pavlov/m/russianroulettetttv2, pass6host   DOWNLOADS TODAY/TOTAL; 0/799 
 UGC3101831, KILL THEATER,https://mod.io/g/pavlov/m/kill-theater, ZarrosUE5   DOWNLOADS TODAY/TOTAL; 0/643 
 UGC3101993, KILL SHOW,https://mod.io/g/pavlov/m/kill-show, ZarrosUE5   DOWNLOADS TODAY/TOTAL; 4/962 
 UGC3102160, Duck Hunt,https://mod.io/g/pavlov/m/duck-hunt, Leaf115   DOWNLOADS TODAY/TOTAL; 1/3700 
 UGC3103265, SuperMarBrosTTTv2,https://mod.io/g/pavlov/m/supermarbrostttv2, pass6host   DOWNLOADS TODAY/TOTAL; 0/621 
 UGC3103883, Tornado Time,https://mod.io/g/pavlov/m/tornado-time, Leaf115   DOWNLOADS TODAY/TOTAL; 0/6906 
 UGC3103910, Rust,https://mod.io/g/pavlov/m/rust, vdchina   DOWNLOADS TODAY/TOTAL; 70/17303 
 UGC3104159, Port Ship,https://mod.io/g/pavlov/m/port-ship-tdm, BOT_MARCO   DOWNLOADS TODAY/TOTAL; 0/767 
 UGC3104447, Spawner Test Map,https://mod.io/g/pavlov/m/spawner-test-map, AnonymityMatt   DOWNLOADS TODAY/TOTAL; 0/501 
 UGC3104506, Wild West Clown Infection,https://mod.io/g/pavlov/m/wild-west-clown-infection, nateruzz   DOWNLOADS TODAY/TOTAL; 5/6852 
 UGC3104619, Map Test,https://mod.io/g/pavlov/m/map-test, AnonymityMatt   DOWNLOADS TODAY/TOTAL; 0/490 
 UGC3104692, Ghostbusterrrr,https://mod.io/g/pavlov/m/ghostbusterrrr, AnonymityMatt   DOWNLOADS TODAY/TOTAL; 0/644 
 UGC3104945, HoTTTel Delfino,https://mod.io/g/pavlov/m/hotttel-delfino, waxylotl   DOWNLOADS TODAY/TOTAL; 0/719 
 UGC3105464, Mall TTT,https://mod.io/g/pavlov/m/mall-ttt, Tylerrocks   DOWNLOADS TODAY/TOTAL; 2/793 
 UGC3105641, Marquis (CS:GO),https://mod.io/g/pavlov/m/marquis, MiiMooest   DOWNLOADS TODAY/TOTAL; 0/1230 
 UGC3105653, WW2 Firestorm [Push],https://mod.io/g/pavlov/m/ww2-firestorm-push1, TheTrueBrainslug   DOWNLOADS TODAY/TOTAL; 69/5015 
 UGC3105868, Highway Rest Area,https://mod.io/g/pavlov/m/truckstop4, Curtiss-SR   DOWNLOADS TODAY/TOTAL; 0/504 
 UGC3106258, [CF] Aim prison,https://mod.io/g/pavlov/m/watching-city, Â∏ÖÊ∞îÁöÑ99   DOWNLOADS TODAY/TOTAL; 0/1138 
 UGC3106267, Something Wicked,https://mod.io/g/pavlov/m/something-wicked, Leaf115   DOWNLOADS TODAY/TOTAL; 0/502 
 UGC3106322, The Road - (Push and TDM),https://mod.io/g/pavlov/m/the-road, JD_Walrus   DOWNLOADS TODAY/TOTAL; 0/761 
 UGC3106908, TheNonworkbench,https://mod.io/g/pavlov/m/thenonworkbench, pass6host   DOWNLOADS TODAY/TOTAL; 0/656 
 UGC3107247, Bidome Survival (CODZ),https://mod.io/g/pavlov/m/bidome-survival-codz, mike-   DOWNLOADS TODAY/TOTAL; 2/1362 
 UGC3107523, JaggerStepTestMap(PavZ),https://mod.io/g/pavlov/m/jaggersteptestmap1, McJaggerStep   DOWNLOADS TODAY/TOTAL; 2/538 
 UGC3107659, MC_Sanctuary,https://mod.io/g/pavlov/m/mc-sanctuary2, Pyr0Pand4   DOWNLOADS TODAY/TOTAL; 0/501 
 UGC3107702, CGIslands,https://mod.io/g/pavlov/m/cgislands, Monke Gaming   DOWNLOADS TODAY/TOTAL; 0/500 
 UGC3108148, Cache CSGO,https://mod.io/g/pavlov/m/cache-csgo, vdchina   DOWNLOADS TODAY/TOTAL; 5/1146 
 UGC3108297, Dungeon of The Dead(PavZ),https://mod.io/g/pavlov/m/dungeon-of-the-deadtdm, McJaggerStep   DOWNLOADS TODAY/TOTAL; 0/877 
 UGC3108506, VDCHINA's Party Club,https://mod.io/g/pavlov/m/vdchinas-partyclub, vdchina   DOWNLOADS TODAY/TOTAL; 0/518 
 UGC3109522, Contraband,https://mod.io/g/pavlov/m/contraband, Jeff85   DOWNLOADS TODAY/TOTAL; 0/1777 
 UGC3109881, WW1 RP BETA,https://mod.io/g/pavlov/m/ww1-rp, no-   DOWNLOADS TODAY/TOTAL; 9/1320 
 UGC3112058, Siege (Insurgency),https://mod.io/g/pavlov/m/siege-insurgency, AlabasterSlim   DOWNLOADS TODAY/TOTAL; 0/2822 
 UGC3112489, Test,https://mod.io/g/pavlov/m/test260, Pyr0Pand4   DOWNLOADS TODAY/TOTAL; 0/492 
 UGC3112779, Join Pavlov SCP-SL,https://mod.io/g/pavlov/m/join-pavlov-scp-sl, Xandon   DOWNLOADS TODAY/TOTAL; 0/795 
 UGC3113040, BloodStrike,https://mod.io/g/pavlov/m/blood-strike, vdchina   DOWNLOADS TODAY/TOTAL; 0/802 
 UGC3113050, Patron_Packs!,https://mod.io/g/pavlov/m/patron-packs, StinkerThinker   DOWNLOADS TODAY/TOTAL; 0/518 
 UGC3113360, Iceworld,https://mod.io/g/pavlov/m/iceworld, vdchina   DOWNLOADS TODAY/TOTAL; 0/1085 
 UGC3113703, Dust CSGO,https://mod.io/g/pavlov/m/dust-csgo, vdchina   DOWNLOADS TODAY/TOTAL; 0/2707 
 UGC3114190, Prophunt Barrel House,https://mod.io/g/pavlov/m/prophunt-barrel-house, Left4pillz   DOWNLOADS TODAY/TOTAL; 19/1018 
 UGC3114776, Kitchen Rat,https://mod.io/g/pavlov/m/kitchen-rat, KegShotz   DOWNLOADS TODAY/TOTAL; 0/547 
 UGC3115890, CQB,https://mod.io/g/pavlov/m/cqb, AlabasterSlim   DOWNLOADS TODAY/TOTAL; 4/583 
 UGC3115905, Backrooms - Pitfalls,https://mod.io/g/pavlov/m/backrooms-pitfalls, CardsAndGames_YT   DOWNLOADS TODAY/TOTAL; 0/752 
 UGC3116397, Oasis: Minecraft Zombies,https://mod.io/g/pavlov/m/oasis-minecraft-zombies, NabilS   DOWNLOADS TODAY/TOTAL; 49/17004 
 UGC3116594, Reachsky,https://mod.io/g/pavlov/m/reachsky, Mr_NMP   DOWNLOADS TODAY/TOTAL; 4/3117 
 UGC3117119, desert cqb TDM,https://mod.io/g/pavlov/m/ww3-us-vs-ru, mrfanta7   DOWNLOADS TODAY/TOTAL; 0/527 
 UGC3117310, Harbor Ida ( WarRock ),https://mod.io/g/pavlov/m/harbor-ida, Sidilium   DOWNLOADS TODAY/TOTAL; 0/495 
 UGC3118346, Panj (Insurgency),https://mod.io/g/pavlov/m/ins-panj, AlabasterSlim   DOWNLOADS TODAY/TOTAL; 0/518 
 UGC3118444, Adventurers Club TTT,https://mod.io/g/pavlov/m/adventurers-club, Kraboo_   DOWNLOADS TODAY/TOTAL; 0/883 
 UGC3119028, Harbor,https://mod.io/g/pavlov/m/harbor, wsly„ÅÑ   DOWNLOADS TODAY/TOTAL; 0/998 
 UGC3119517, Hdn_Mansion,https://mod.io/g/pavlov/m/mansion1, DeadPixelVR   DOWNLOADS TODAY/TOTAL; 0/508 
 UGC3119672, Apartment (D/N),https://mod.io/g/pavlov/m/apartment-dn, ZarrosUE5   DOWNLOADS TODAY/TOTAL; 0/630 
 UGC3119895, Hdn_Warehouse,https://mod.io/g/pavlov/m/warehouse, DeadPixelVR   DOWNLOADS TODAY/TOTAL; 0/510 
 UGC3119972, Argument in da House,https://mod.io/g/pavlov/m/argument-in-da-house, ZarrosUE5   DOWNLOADS TODAY/TOTAL; 0/607 
 UGC3120090, OG-ish Containers,https://mod.io/g/pavlov/m/og-ish-containers, CardsAndGames_YT   DOWNLOADS TODAY/TOTAL; 0/560 
 UGC3121810, Ministry (Insurgency),https://mod.io/g/pavlov/m/ins-ministry, AlabasterSlim   DOWNLOADS TODAY/TOTAL; 0/556 
 UGC3121951, TEST (WIP) Stoned,https://mod.io/g/pavlov/m/gold-rush, ZarrosUE5   DOWNLOADS TODAY/TOTAL; 0/486 
 UGC3122260, Dolls TTT,https://mod.io/g/pavlov/m/dolls-ttt, Mottflyer   DOWNLOADS TODAY/TOTAL; 0/847 
 UGC3122309, Rio Favela,https://mod.io/g/pavlov/m/rio-favela, desxoficial   DOWNLOADS TODAY/TOTAL; 1/537 
 UGC3122571, Season (CS:GO),https://mod.io/g/pavlov/m/season, MiiMooest   DOWNLOADS TODAY/TOTAL; 0/1162 
 UGC3122797, de_anubis,https://mod.io/g/pavlov/m/de-anubis, NNighteyes   DOWNLOADS TODAY/TOTAL; 0/1020 
 UGC3123024, Debug,https://mod.io/g/pavlov/m/debug, MarkDey   DOWNLOADS TODAY/TOTAL; 2/1569 
 UGC3123766, Ziba Tower,https://mod.io/g/pavlov/m/ziba-tower-bf31, KENNITHH   DOWNLOADS TODAY/TOTAL; 0/1102 
 UGC3124365, BO1 Jungle,https://mod.io/g/pavlov/m/bo1-jungle, mike-   DOWNLOADS TODAY/TOTAL; 0/704 
 UGC3124627, [BO2] Nuketown,https://mod.io/g/pavlov/m/bo3-nuketown, MessiahPenguin   DOWNLOADS TODAY/TOTAL; 0/2063 
 UGC3125130, TheLungeDomeTTTv2,https://mod.io/g/pavlov/m/thelungedometttv2, pass6host   DOWNLOADS TODAY/TOTAL; 0/550 
 UGC3126365, Stahlbrecher,https://mod.io/g/pavlov/m/stahlbrecher, Mr_NMP   DOWNLOADS TODAY/TOTAL; 4/1724 
 UGC3127034, Revolt (Night) (Insurgency),https://mod.io/g/pavlov/m/revolt-night-insurgency, AlabasterSlim   DOWNLOADS TODAY/TOTAL; 0/2290 
 UGC3127743, SCP TTT,https://mod.io/g/pavlov/m/scp-ttt, That_guy420   DOWNLOADS TODAY/TOTAL; 0/1376 
 UGC3130002, BO2 Plaza,https://mod.io/g/pavlov/m/bo2-plasa, Predatory   DOWNLOADS TODAY/TOTAL; 0/743 
 UGC3130134, TTT Waffle House,https://mod.io/g/pavlov/m/ttt-waffle-house, That_guy420   DOWNLOADS TODAY/TOTAL; 0/1138 
 UGC3131146, Inferno [CSGO],https://mod.io/g/pavlov/m/inferno-csgo1, BOT_MARCO   DOWNLOADS TODAY/TOTAL; 0/4924 
 UGC3131282, Ancient [CSGO],https://mod.io/g/pavlov/m/ancient-csgo, BOT_MARCO   DOWNLOADS TODAY/TOTAL; 0/514 
 UGC3131471, GrungeThingTTTv2,https://mod.io/g/pavlov/m/grungethingtttv2, pass6host   DOWNLOADS TODAY/TOTAL; 0/497 
 UGC3132480, Dust 2 CSGO Minecraft,https://mod.io/g/pavlov/m/dust-2-minecraft, vdchina   DOWNLOADS TODAY/TOTAL; 10/10674 
 UGC3132934, [COD4] Crash,https://mod.io/g/pavlov/m/cod4-crash, MessiahPenguin   DOWNLOADS TODAY/TOTAL; 168/16496 
 UGC3133037, 27v27v27,https://mod.io/g/pavlov/m/27v27, Sebbo11   DOWNLOADS TODAY/TOTAL; 0/535 
 UGC3133545, [COD4] Ambush,https://mod.io/g/pavlov/m/ambush, MessiahPenguin   DOWNLOADS TODAY/TOTAL; 11/2850 
 UGC3133621, [COD4] Backlot,https://mod.io/g/pavlov/m/backlot, MessiahPenguin   DOWNLOADS TODAY/TOTAL; 11/2020 
 UGC3135075, CSGO Dizzy Day,https://mod.io/g/pavlov/m/csgo-dizzy, Predatory   DOWNLOADS TODAY/TOTAL; 0/525 
 UGC3135619, WW3 US vs RU PUSH,https://mod.io/g/pavlov/m/ww3-us-vs-ru1, mrfanta7   DOWNLOADS TODAY/TOTAL; 0/921 
 UGC3136883, The Randomizer: Moose Combat,https://mod.io/g/pavlov/m/therandomizer, Left4pillz   DOWNLOADS TODAY/TOTAL; 30/3144 
 UGC3137049, Oilrig,https://mod.io/g/pavlov/m/oilrig, Reimus   DOWNLOADS TODAY/TOTAL; 7/2338 
 UGC3137623, CSGO Dizzy Night,https://mod.io/g/pavlov/m/csgo-dizzy-night, Predatory   DOWNLOADS TODAY/TOTAL; 0/493 
 UGC3139006, Colmar DOD:S,https://mod.io/g/pavlov/m/colmar-dods, DR_RAMBONE_MURDOCH   DOWNLOADS TODAY/TOTAL; 0/575 
 UGC3139254, Anzio DOD:S,https://mod.io/g/pavlov/m/anzio-dods, DR_RAMBONE_MURDOCH   DOWNLOADS TODAY/TOTAL; 0/642 
 UGC3139612, Argentan DOD:S,https://mod.io/g/pavlov/m/argentan-dods, DR_RAMBONE_MURDOCH   DOWNLOADS TODAY/TOTAL; 0/620 
 UGC3139876, Bikini Bathhouse,https://mod.io/g/pavlov/m/bikini-bathhouse, DR_RAMBONE_MURDOCH   DOWNLOADS TODAY/TOTAL; 0/564 
 UGC3140284, Donner DOD:S,https://mod.io/g/pavlov/m/donner-dods, DR_RAMBONE_MURDOCH   DOWNLOADS TODAY/TOTAL; 0/660 
 UGC3140344, Flanzio,https://mod.io/g/pavlov/m/flanzio, DR_RAMBONE_MURDOCH   DOWNLOADS TODAY/TOTAL; 0/705 
 UGC3140377, Flash DOD:S,https://mod.io/g/pavlov/m/flash-dods, DR_RAMBONE_MURDOCH   DOWNLOADS TODAY/TOTAL; 0/709 
 UGC3141011, Newt Newt,https://mod.io/g/pavlov/m/newtnewt, Left4pillz   DOWNLOADS TODAY/TOTAL; 22/2671 
 UGC3141442, Kalt DOD:S,https://mod.io/g/pavlov/m/kalt-dods, DR_RAMBONE_MURDOCH   DOWNLOADS TODAY/TOTAL; 0/683 
 UGC3141589, Kaltmarnacht,https://mod.io/g/pavlov/m/kaltmarnacht, DR_RAMBONE_MURDOCH   DOWNLOADS TODAY/TOTAL; 0/661 
 UGC3141714, 1v1v1v1Random,https://mod.io/g/pavlov/m/1v1v1v1random, Sebbo11   DOWNLOADS TODAY/TOTAL; 0/596 
 UGC3141732, Kalt Modern Push,https://mod.io/g/pavlov/m/kalt-modern-push, DR_RAMBONE_MURDOCH   DOWNLOADS TODAY/TOTAL; 0/519 
 UGC3141749, Palermo DOD:S,https://mod.io/g/pavlov/m/palermo-dods, DR_RAMBONE_MURDOCH   DOWNLOADS TODAY/TOTAL; 0/616 
 UGC3142210, FrostFire,https://mod.io/g/pavlov/m/frostpie, Texastoast4TV   DOWNLOADS TODAY/TOTAL; 0/515 
 UGC3146251, Prophunt Alchemist,https://mod.io/g/pavlov/m/prophunt-alchemist, Left4pillz   DOWNLOADS TODAY/TOTAL; 5/904 
 UGC3149728, Prophunt Supermarket,https://mod.io/g/pavlov/m/prophunt-supermarket, Left4pillz   DOWNLOADS TODAY/TOTAL; 39/8638 
 UGC3153303, goofy test map,https://mod.io/g/pavlov/m/goofy-test-map, JFK17   DOWNLOADS TODAY/TOTAL; 0/495 
 UGC3153618, Symmetryv1,https://mod.io/g/pavlov/m/symmetryv1, sawyerpaape   DOWNLOADS TODAY/TOTAL; 0/493 
 UGC3154477, DodWeapons,https://mod.io/g/pavlov/m/dodweapons, StinkerThinker   DOWNLOADS TODAY/TOTAL; 0/529 
 UGC3154678, Chill Out Test,https://mod.io/g/pavlov/m/chill-out-test, EonAce   DOWNLOADS TODAY/TOTAL; 0/319 
 UGC3156817, LG Testing Grounds,https://mod.io/g/pavlov/m/lg-testing-grounds, LittleGroove   DOWNLOADS TODAY/TOTAL; 0/500 
 UGC3157383, Test one,https://mod.io/g/pavlov/m/test-one, robersonclan3   DOWNLOADS TODAY/TOTAL; 0/495 
 UGC3158618, Big Town,https://mod.io/g/pavlov/m/ttt-big-town, Furilo   DOWNLOADS TODAY/TOTAL; 0/8862 
 UGC3159268, Copper'sSndMap,https://mod.io/g/pavlov/m/sndmap, Chickenzipline   DOWNLOADS TODAY/TOTAL; 0/492 
 UGC3162333, Sphynx's aim world 1,https://mod.io/g/pavlov/m/sphynxs-aim-world-1, LordFluffeh   DOWNLOADS TODAY/TOTAL; 0/649 
 UGC3165818, SCP-3008 TTT,https://mod.io/g/pavlov/m/scp-3008-ttt, That_guy420   DOWNLOADS TODAY/TOTAL; 0/730 
 UGC3166756, Airsoft_Afghanistan_Mountain_01,https://mod.io/g/pavlov/m/airsoft-desert-01, Franzi57   DOWNLOADS TODAY/TOTAL; 0/376 
 UGC3168273, Pavlov gunfight map,https://mod.io/g/pavlov/m/gunfight-base-maps, mike-   DOWNLOADS TODAY/TOTAL; 0/343 
 UGC3168376, Pavlov Gunfight,https://mod.io/g/pavlov/m/pavlov-gunfight, gavkips   DOWNLOADS TODAY/TOTAL; 0/387 
 UGC3171344, Winter Wonderland,https://mod.io/g/pavlov/m/kannys-test-map, Efilnak   DOWNLOADS TODAY/TOTAL; 0/373 
 UGC3173315, Agency CSGO,https://mod.io/g/pavlov/m/agency-csgo, ParuTora   DOWNLOADS TODAY/TOTAL; 0/2285 
 UGC3173489, Manor,https://mod.io/g/pavlov/m/manor, voxie3d   DOWNLOADS TODAY/TOTAL; 7/992 
 UGC3173838, monsk's modding playground,https://mod.io/g/pavlov/m/monsks-modding-playground, Monskov   DOWNLOADS TODAY/TOTAL; 0/366 
 UGC3174024, Sunstone,https://mod.io/g/pavlov/m/sunstone, TheMiurge   DOWNLOADS TODAY/TOTAL; 0/814 
 UGC3174925, FFVII: Mako Reactor (ZE),https://mod.io/g/pavlov/m/ffvii-mako-reactor-ze1, EconnAKZ   DOWNLOADS TODAY/TOTAL; 0/1173 
 UGC3176694, FN Island INFCT,https://mod.io/g/pavlov/m/fn-island-infct1, CriticalThinkin   DOWNLOADS TODAY/TOTAL; 0/347 
 UGC3178724, Pavlov Paintball,https://mod.io/g/pavlov/m/pavlov-paintball, twitch.tv/insurace_l   DOWNLOADS TODAY/TOTAL; 0/334 
 UGC3178797, Marauders  Arctic,https://mod.io/g/pavlov/m/pavlov-squad-desert, 1blazing1   DOWNLOADS TODAY/TOTAL; 0/328 
 UGC3179233, Broken Fan Resurrection (RP),https://mod.io/g/pavlov/m/bfr, -insertnamehere-   DOWNLOADS TODAY/TOTAL; 2/448 
 UGC3181068, The Road TDM,https://mod.io/g/pavlov/m/tdm-the-road, JD_Walrus   DOWNLOADS TODAY/TOTAL; 0/365 
 UGC3181306, SCP-026 TTT,https://mod.io/g/pavlov/m/scp-026-ttt, That_guy420   DOWNLOADS TODAY/TOTAL; 0/381 
 UGC3185563, Crack House,https://mod.io/g/pavlov/m/crack-house, ZarrosUE5   DOWNLOADS TODAY/TOTAL; 1/466 
 UGC3187613, Kokiri Forest,https://mod.io/g/pavlov/m/kokiri-forest, Aestherius   DOWNLOADS TODAY/TOTAL; 0/489 
 UGC3188315, Vertigo [CSGO],https://mod.io/g/pavlov/m/vertigo-csgo, BOT_MARCO   DOWNLOADS TODAY/TOTAL; 0/2206 
 UGC3189342, Menu Map,https://mod.io/g/pavlov/m/menu-map, DKingAlpha   DOWNLOADS TODAY/TOTAL; 6/2293 
 UGC3189583, CastleNight CSGO,https://mod.io/g/pavlov/m/castlenight-csgo, ParuTora   DOWNLOADS TODAY/TOTAL; 1/1429 
 UGC3190070, CastleWars Classic,https://mod.io/g/pavlov/m/castlewars, saltedcrackerjack   DOWNLOADS TODAY/TOTAL; 16/7836 
 UGC3190100, FN_Island,https://mod.io/g/pavlov/m/fn-island, CriticalThinkin   DOWNLOADS TODAY/TOTAL; 0/1493 
 UGC3191556, KENNITHH's PushTestMap,https://mod.io/g/pavlov/m/kennithhs-pushtestmap, KENNITHH   DOWNLOADS TODAY/TOTAL; 0/429 
 UGC3191694, Trainscalation II,https://mod.io/g/pavlov/m/trainscalation-ii, ZarrosUE5   DOWNLOADS TODAY/TOTAL; 0/107 
 UGC3191940, Waterworld,https://mod.io/g/pavlov/m/waterworld, Xira   DOWNLOADS TODAY/TOTAL; 0/414 
 UGC3192154, Dreamscape (ZE),https://mod.io/g/pavlov/m/dreamscape-ze, EconnAKZ   DOWNLOADS TODAY/TOTAL; 0/1416 
 UGC3192289, Leaf's JB Test (WIP),https://mod.io/g/pavlov/m/leafs-jb-test-wip, Leaf115   DOWNLOADS TODAY/TOTAL; 0/384 
 UGC3192565, Emery's Testing map,https://mod.io/g/pavlov/m/emerys-testing-map, coolboyemery   DOWNLOADS TODAY/TOTAL; 0/330 
 UGC3194409, cool obbey,https://mod.io/g/pavlov/m/cool-obbhect-cool, slop_face   DOWNLOADS TODAY/TOTAL; 0/340 
 UGC3194849, [COD4] Shipment,https://mod.io/g/pavlov/m/shipment, LordFluffeh   DOWNLOADS TODAY/TOTAL; 38/5390 
 UGC3195995, Marco's testing map,https://mod.io/g/pavlov/m/marcos-testing-map, BOT_MARCO   DOWNLOADS TODAY/TOTAL; 0/325 
 UGC3196218, BREAK THE TARGETS!,https://mod.io/g/pavlov/m/break-the-targets, -NO-HOPE-   DOWNLOADS TODAY/TOTAL; 0/819 
 UGC3196436, roblox ride down a slide,https://mod.io/g/pavlov/m/roblox-tycoon-simulator, slop_face   DOWNLOADS TODAY/TOTAL; 0/422 
 UGC3199364, Forest,https://mod.io/g/pavlov/m/forest, KENNITHH   DOWNLOADS TODAY/TOTAL; 0/374 
 UGC3199581, Nuke CSGO,https://mod.io/g/pavlov/m/nuke-csgo, vdchina   DOWNLOADS TODAY/TOTAL; 0/2331 
 UGC3200643, WW3 France vs Germany Push,https://mod.io/g/pavlov/m/red-dawn-push, mrfanta7   DOWNLOADS TODAY/TOTAL; 0/318 
 UGC3200708, Neighbor-Hood,https://mod.io/g/pavlov/m/hood, Efilnak   DOWNLOADS TODAY/TOTAL; 0/262 
 UGC3200772, [COD4] BOG,https://mod.io/g/pavlov/m/bog, MessiahPenguin   DOWNLOADS TODAY/TOTAL; 18/4570 
 UGC3202259, [COD4] Broadcast,https://mod.io/g/pavlov/m/broadcast, MessiahPenguin   DOWNLOADS TODAY/TOTAL; 7/2217 
 UGC3205167, [COD4] Chinatown,https://mod.io/g/pavlov/m/chinatown, MessiahPenguin   DOWNLOADS TODAY/TOTAL; 27/4840 
 UGC3205731, Craftys Test Map,https://mod.io/g/pavlov/m/test305, CraftyMaan   DOWNLOADS TODAY/TOTAL; 0/300 
 UGC3210963, [MW2] Rust,https://mod.io/g/pavlov/m/rust1, MessiahPenguin   DOWNLOADS TODAY/TOTAL; 101/25480 
 UGC3210995, [COD4] Countdown,https://mod.io/g/pavlov/m/countdown, MessiahPenguin   DOWNLOADS TODAY/TOTAL; 9/1674 
 UGC3211560, Runaway train,https://mod.io/g/pavlov/m/runaway, Hushey   DOWNLOADS TODAY/TOTAL; 0/238 
 UGC3213099, Mustang CSGO,https://mod.io/g/pavlov/m/mustang-csgo, ParuTora   DOWNLOADS TODAY/TOTAL; 0/894 
 UGC3213847, rp,https://mod.io/g/pavlov/m/elysium-city-roleplay, 1blazing1   DOWNLOADS TODAY/TOTAL; 0/192 
 UGC3214884, Svalbard,https://mod.io/g/pavlov/m/memeoriawip, Piggy_Chop   DOWNLOADS TODAY/TOTAL; 0/231 
 UGC3218159, bots,https://mod.io/g/pavlov/m/bots, saltedcrackerjack   DOWNLOADS TODAY/TOTAL; 0/117 
 UGC3223142, VDCHINA TEST MAP,https://mod.io/g/pavlov/m/vdchina-test-map, vdchina   DOWNLOADS TODAY/TOTAL; 0/185 
 UGC3223861, Dust 2 CSGO (WIP),https://mod.io/g/pavlov/m/dust-2-csgo, ThinSleeves   DOWNLOADS TODAY/TOTAL; 27/1484 
 UGC3224017, Big Shipment,https://mod.io/g/pavlov/m/big-shipment, MessiahPenguin   DOWNLOADS TODAY/TOTAL; 2/627 
 UGC3228147, Epic's Epic Test Map,https://mod.io/g/pavlov/m/epics-epic-test-map, epicduck40   DOWNLOADS TODAY/TOTAL; 0/135 
 UGC3228771, [PUSH] Arid Strife,https://mod.io/g/pavlov/m/arid-strife, MessiahPenguin   DOWNLOADS TODAY/TOTAL; 0/166 
 UGC3229032, [CSGO] McDonald's,https://mod.io/g/pavlov/m/mcdonalds1, MessiahPenguin   DOWNLOADS TODAY/TOTAL; 171/36153 
 UGC3230442, The Simpsons: Hit and Run - Level 1,https://mod.io/g/pavlov/m/the-simpsons, LordFluffeh   DOWNLOADS TODAY/TOTAL; 97/12605 
 UGC3230740, test again,https://mod.io/g/pavlov/m/test-again, PrivateQuentinJames   DOWNLOADS TODAY/TOTAL; 0/160 
 UGC3230923, Haons test,https://mod.io/g/pavlov/m/haons-test, HaonWec4   DOWNLOADS TODAY/TOTAL; 0/158 
 UGC3230998, [BF3] Operation metro,https://mod.io/g/pavlov/m/operation-metro, MessiahPenguin   DOWNLOADS TODAY/TOTAL; 10/2666 
 UGC3231288, Pripyat CSGO,https://mod.io/g/pavlov/m/pripyat-csgo, ParuTora   DOWNLOADS TODAY/TOTAL; 0/1027 
 UGC3231764, Paperclip,https://mod.io/g/pavlov/m/paperclip, MessiahPenguin   DOWNLOADS TODAY/TOTAL; 0/162 
 UGC3232337, Lowpoly shipment,https://mod.io/g/pavlov/m/lowpoly-shipment, MessiahPenguin   DOWNLOADS TODAY/TOTAL; 22/1792 
 UGC3233931, Waterfall - Halo Online,https://mod.io/g/pavlov/m/waterfall-halo-online, Glitch5970   DOWNLOADS TODAY/TOTAL; 0/110 
 UGC3234556, Edge - Halo Online,https://mod.io/g/pavlov/m/edge-halo-online, Glitch5970   DOWNLOADS TODAY/TOTAL; 0/175 
 UGC3234971, Ravenholm,https://mod.io/g/pavlov/m/ravenholm, RippeR_Pavlov   DOWNLOADS TODAY/TOTAL; 0/129 
 UGC3235324, Highrise,https://mod.io/g/pavlov/m/highrise1, RippeR_Pavlov   DOWNLOADS TODAY/TOTAL; 0/113 
 UGC3235549, Rust Night,https://mod.io/g/pavlov/m/rust-night, RippeR_Pavlov   DOWNLOADS TODAY/TOTAL; 0/159 
 UGC3235796, Docks Night,https://mod.io/g/pavlov/m/docks-night, RippeR_Pavlov   DOWNLOADS TODAY/TOTAL; 0/82 
 UGC3237514, [COD4] Vacant,https://mod.io/g/pavlov/m/vacant, MessiahPenguin   DOWNLOADS TODAY/TOTAL; 7/2760 
 UGC3237591, [COD4] Strike,https://mod.io/g/pavlov/m/strike, MessiahPenguin   DOWNLOADS TODAY/TOTAL; 5/1646 
 UGC3237753, [COD4] Showdown,https://mod.io/g/pavlov/m/showdown, MessiahPenguin   DOWNLOADS TODAY/TOTAL; 9/1056 
 UGC3238058, Flashpoint,https://mod.io/g/pavlov/m/flashpoint, MessiahPenguin   DOWNLOADS TODAY/TOTAL; 0/404 
 UGC3245511, DarkRP Reimagined Dev Test,https://mod.io/g/pavlov/m/darkrp-reimagined, xCeezyx   DOWNLOADS TODAY/TOTAL; 0/109 
 UGC3245761, Remnant (Shack),https://mod.io/g/pavlov/m/remnant-shack, Gatto_nero   DOWNLOADS TODAY/TOTAL; 5/782 
 UGC3247087, Park Terminal BETA,https://mod.io/g/pavlov/m/park-terminal1, FursonaGaming   DOWNLOADS TODAY/TOTAL; 0/109 
 UGC3248257, PushAdvancedPack,https://mod.io/g/pavlov/m/pushadvancedpack1, Golden()   DOWNLOADS TODAY/TOTAL; 0/144 
 UGC3249248, The Simpsons: Hit &amp; Run¬†- Springfield City,https://mod.io/g/pavlov/m/springfield-city, MessiahPenguin   DOWNLOADS TODAY/TOTAL; 2/912 
 UGC3249312, The Simpsons: Hit &amp; Run¬†- Springfield Docks,https://mod.io/g/pavlov/m/springfield-docks, MessiahPenguin   DOWNLOADS TODAY/TOTAL; 0/776 
 UGC3249319, ShaderRepro,https://mod.io/g/pavlov/m/shaderrepro, MarkDey   DOWNLOADS TODAY/TOTAL; 0/392 
 UGC3249375, The Simpsons: Hit &amp; Run¬†- Springfield Town,https://mod.io/g/pavlov/m/springfield-town, MessiahPenguin   DOWNLOADS TODAY/TOTAL; 21/4529 
 UGC3249375, The Simpsons: Hit &amp; Run¬†- Springfield Town,https://mod.io/g/pavlov/m/springfield-town, MessiahPenguin   DOWNLOADS TODAY/TOTAL; 24/4532 
 UGC3249878, pavlov bug test,https://mod.io/g/pavlov/m/pavlov-bug-test, swat37   DOWNLOADS TODAY/TOTAL; 0/51 
 UGC3250498, rocket's custom guns,https://mod.io/g/pavlov/m/rockets-custom-guns3, zeRocketVR   DOWNLOADS TODAY/TOTAL; 477/50819 
 UGC3250498, rocket's custom guns,https://mod.io/g/pavlov/m/rockets-custom-guns3, zeRocketVR   DOWNLOADS TODAY/TOTAL; 507/50849 
 UGC3250571, SWAT4-ABomb,https://mod.io/g/pavlov/m/swat4-abomb, markyxl   DOWNLOADS TODAY/TOTAL; 29/1520 
 UGC3250973, warmup map,https://mod.io/g/pavlov/m/smorgoborg-test-map, smorgoborg   DOWNLOADS TODAY/TOTAL; 0/101 
 UGC3251111, mrnoob6322,https://mod.io/g/pavlov/m/mrnoob6322, xandervelasco389   DOWNLOADS TODAY/TOTAL; 0/68 
 UGC3251295, WW2 Operation Cobra [Push],https://mod.io/g/pavlov/m/ww2-operation-cobra-push, TheTrueBrainslug   DOWNLOADS TODAY/TOTAL; 0/202 
 UGC3252677, Port Test,https://mod.io/g/pavlov/m/port-test, maceachern13ian   DOWNLOADS TODAY/TOTAL; 0/74 
 UGC3254082, SWAT4 Food Wall,https://mod.io/g/pavlov/m/swat4-food-wall, markyxl   DOWNLOADS TODAY/TOTAL; 35/3520 
 UGC3254082, SWAT4 Food Wall,https://mod.io/g/pavlov/m/swat4-food-wall, markyxl   DOWNLOADS TODAY/TOTAL; 43/3528 
 UGC3258050, Purples RP (WIP),https://mod.io/g/pavlov/m/purples-rp1, sharpbelt636   DOWNLOADS TODAY/TOTAL; 3/804 
 UGC3258701, Krasnovka - (Push)(TDM)(early version!),https://mod.io/g/pavlov/m/krasnovka, JD_Walrus   DOWNLOADS TODAY/TOTAL; 0/129 
 UGC3260023, The Graveyard - MediEvil PS1,https://mod.io/g/pavlov/m/the-graveyard-medievil-ps1, Glitch5970   DOWNLOADS TODAY/TOTAL; 0/76 
 UGC3260337, TestMod,https://mod.io/g/pavlov/m/testmod, MarkDey   DOWNLOADS TODAY/TOTAL; 0/71 
 UGC3262075, [CF] Biochemical pyramid (Lost City),https://mod.io/g/pavlov/m/lostcities, Â∏ÖÊ∞îÁöÑ99   DOWNLOADS TODAY/TOTAL; 0/149 
 UGC3262075, [CF] Biochemical pyramid (Lost City),https://mod.io/g/pavlov/m/lostcities, Â∏ÖÊ∞îÁöÑ99   DOWNLOADS TODAY/TOTAL; 1/150 
 UGC3262296, SWAT4 Power Plant,https://mod.io/g/pavlov/m/swat4-power-plant, markyxl   DOWNLOADS TODAY/TOTAL; 4/1266 
 UGC3262296, SWAT4 Power Plant,https://mod.io/g/pavlov/m/swat4-power-plant, markyxl   DOWNLOADS TODAY/TOTAL; 5/1267 
 UGC3262677, WW2 Foy [Push],https://mod.io/g/pavlov/m/ww2-foy-push-test, TheTrueBrainslug   DOWNLOADS TODAY/TOTAL; 0/818 
 UGC3262731, TestGamemode,https://mod.io/g/pavlov/m/testgamemode, MarkDey   DOWNLOADS TODAY/TOTAL; 0/76 
 UGC3265420, TestGuns,https://mod.io/g/pavlov/m/testguns, MarkDey   DOWNLOADS TODAY/TOTAL; 0/70 
 UGC3265534, New Cache CSGO,https://mod.io/g/pavlov/m/new-cache, ParuTora   DOWNLOADS TODAY/TOTAL; 0/633 
 UGC3267863, Sands of Time,https://mod.io/g/pavlov/m/sands-of-time, Juntistik99   DOWNLOADS TODAY/TOTAL; 0/48 
 UGC3267866, Sands of Eqypt,https://mod.io/g/pavlov/m/sands-of-eqypt, Juntistik99   DOWNLOADS TODAY/TOTAL; 0/51 
 UGC3267926, [MOD] Allow Buy + Full Cash,https://mod.io/g/pavlov/m/fullcash, MessiahPenguin   DOWNLOADS TODAY/TOTAL; 0/68 
 UGC3267957, PavZ: Desert,https://mod.io/g/pavlov/m/pavz-desert, ilPrimo   DOWNLOADS TODAY/TOTAL; 0/72 
 UGC3267965, PavZ: Gamemode,https://mod.io/g/pavlov/m/pavz3, ilPrimo   DOWNLOADS TODAY/TOTAL; 1/28 
 UGC3267976, [Gamemode] Random Gun On Kill,https://mod.io/g/pavlov/m/random-gun-on-kill1, MessiahPenguin   DOWNLOADS TODAY/TOTAL; 0/52 
 UGC3268044, SandsofEqypt2,https://mod.io/g/pavlov/m/sandsofeqypt2, Juntistik99   DOWNLOADS TODAY/TOTAL; 0/45 
 UGC3268102, PavZ: Modkit,https://mod.io/g/pavlov/m/pavz-modkit, ilPrimo   DOWNLOADS TODAY/TOTAL; 1/30 
 UGC3268233, [MOD] Darude Sandstorm 24/7,https://mod.io/g/pavlov/m/funny-sounds, MessiahPenguin   DOWNLOADS TODAY/TOTAL; 0/42 
 UGC3268234, [MOD] Rudy's Halo Mod,https://mod.io/g/pavlov/m/rudys-halo-mod, enjoilethals   DOWNLOADS TODAY/TOTAL; 0/77 
 UGC3268282, [MOD] No Gravity,https://mod.io/g/pavlov/m/no-gravity, MessiahPenguin   DOWNLOADS TODAY/TOTAL; 0/46 
 UGC3268326, Cyborgatorium (ZE),https://mod.io/g/pavlov/m/cyborgatorium-ze, EconnAKZ   DOWNLOADS TODAY/TOTAL; 0/253 
 UGC3268326, Cyborgatorium (ZE),https://mod.io/g/pavlov/m/cyborgatorium-ze, EconnAKZ   DOWNLOADS TODAY/TOTAL; 2/255 
 UGC3268342, [MOD] Low Gravity,https://mod.io/g/pavlov/m/low-gravity, MessiahPenguin   DOWNLOADS TODAY/TOTAL; 0/43 
 UGC3268376, Extra Skins,https://mod.io/g/pavlov/m/extra-skins, Mr_NMP   DOWNLOADS TODAY/TOTAL; 0/41 
 UGC3268465, [MOD] Dynamic Gravity,https://mod.io/g/pavlov/m/changing-gravity, MessiahPenguin   DOWNLOADS TODAY/TOTAL; 0/42 
 UGC3268512, [MOD] Crazy Realistic Knocking Sound Troll,https://mod.io/g/pavlov/m/who-is-at-the-door, MessiahPenguin   DOWNLOADS TODAY/TOTAL; 0/59 
 UGC3268673, [MOD] Nyan Cat 24/7,https://mod.io/g/pavlov/m/nyan-cat-247, MessiahPenguin   DOWNLOADS TODAY/TOTAL; 0/41 
 UGC3268715, [MOD] Rick Roll 24/7,https://mod.io/g/pavlov/m/rickroll, MessiahPenguin   DOWNLOADS TODAY/TOTAL; 0/32 
 UGC3268760, [GM] Halo Infection,https://mod.io/g/pavlov/m/halo-infection, enjoilethals   DOWNLOADS TODAY/TOTAL; 0/59 
 UGC3268798, [MOD] Enable Prone,https://mod.io/g/pavlov/m/enable-prone, DarkAt„ÉÑ   DOWNLOADS TODAY/TOTAL; 0/46 
 UGC3268840, [MOD] Slow Motion,https://mod.io/g/pavlov/m/slow-motion, MessiahPenguin   DOWNLOADS TODAY/TOTAL; 0/60 
 UGC3268853, [MOD] Double Time,https://mod.io/g/pavlov/m/double-time, MessiahPenguin   DOWNLOADS TODAY/TOTAL; 0/41 
 UGC3268927, [MAP] ModTest,https://mod.io/g/pavlov/m/map-modtest, DarkAt„ÉÑ   DOWNLOADS TODAY/TOTAL; 0/42 
 UGC3269254, Push US vs DE (TESTING),https://mod.io/g/pavlov/m/push-us-vs-de, mrfanta7   DOWNLOADS TODAY/TOTAL; 0/57 
 UGC3269689, HH4 Please do not downlaod,https://mod.io/g/pavlov/m/hh4, JoeDaddy92   DOWNLOADS TODAY/TOTAL; 0/83 
 UGC3269828, [VEH] KENNITHH's - LittleBird,https://mod.io/g/pavlov/m/mod-kennithhs-littlebird, KENNITHH   DOWNLOADS TODAY/TOTAL; 0/63 
 UGC3269900, [MOD] ModTesting,https://mod.io/g/pavlov/m/mod-modtesting, DarkAt„ÉÑ   DOWNLOADS TODAY/TOTAL; 0/37 
 UGC3269920, [GUN] KENNITHH's - WWII Weapons Pack #1,https://mod.io/g/pavlov/m/mod-kennithhs-wwii-weapons-pack1, KENNITHH   DOWNLOADS TODAY/TOTAL; 0/58 
 UGC3270256, [VEH] KENNITHH's - USTruck,https://mod.io/g/pavlov/m/mod-kennithhs-truckus, KENNITHH   DOWNLOADS TODAY/TOTAL; 0/51 
 UGC3270279, ArtilleryMod,https://mod.io/g/pavlov/m/artillerymod, Golden()   DOWNLOADS TODAY/TOTAL; 0/39 
 UGC3270344, ParatroopersMap,https://mod.io/g/pavlov/m/paratroopersmap3, Golden()   DOWNLOADS TODAY/TOTAL; 0/36 
 UGC3271468, Intermission,https://mod.io/g/pavlov/m/intermission, 1blazing1   DOWNLOADS TODAY/TOTAL; 0/38 
 UGC3271603, The Backrooms [SND],https://mod.io/g/pavlov/m/the-backrooms-snd, -NO-HOPE-   DOWNLOADS TODAY/TOTAL; 0/44 
 UGC3272975, [MOD] Glock 19 Gen. 5,https://mod.io/g/pavlov/m/mod-glock-19-gen-5, Golden()   DOWNLOADS TODAY/TOTAL; 0/44 
 UGC3273650, Atmosphere,https://mod.io/g/pavlov/m/conduit, realYoners   DOWNLOADS TODAY/TOTAL; 0/44 
 UGC3273828, Doomspire Brickbattle,https://mod.io/g/pavlov/m/doomspire-brickbattle, MalaBG   DOWNLOADS TODAY/TOTAL; 226/5849 
 UGC3273828, Doomspire Brickbattle,https://mod.io/g/pavlov/m/doomspire-brickbattle, MalaBG   DOWNLOADS TODAY/TOTAL; 250/5873 
 UGC3274037, WW2 Demyansk Pocket [Push],https://mod.io/g/pavlov/m/ww2-demyansk-pocket-push1, TheTrueBrainslug   DOWNLOADS TODAY/TOTAL; 0/392 
 UGC3274282, Crossroads (Roblox),https://mod.io/g/pavlov/m/crossroads-roblox, MalaBG   DOWNLOADS TODAY/TOTAL; 20/920 
 UGC3274282, Crossroads (Roblox),https://mod.io/g/pavlov/m/crossroads-roblox, MalaBG   DOWNLOADS TODAY/TOTAL; 21/921 
 UGC3274441, DJ's Item Playground,https://mod.io/g/pavlov/m/djs-test-map2, andrecreatescoolmaps   DOWNLOADS TODAY/TOTAL; 12/531 
 UGC3274441, DJ's Item Playground,https://mod.io/g/pavlov/m/djs-test-map2, andrecreatescoolmaps   DOWNLOADS TODAY/TOTAL; 13/532 
 UGC3274566, Dust 2 CS16,https://mod.io/g/pavlov/m/dust-2-cs16, KotE_2345   DOWNLOADS TODAY/TOTAL; 1/451 
 UGC3274929, crackersTestMap,https://mod.io/g/pavlov/m/crackerstestmap, saltedcrackerjack   DOWNLOADS TODAY/TOTAL; 0/30 
 UGC3275744, Greenscreen,https://mod.io/g/pavlov/m/greenscreen, zeRocketVR   DOWNLOADS TODAY/TOTAL; 6/259 
 UGC3275744, Greenscreen,https://mod.io/g/pavlov/m/greenscreen, zeRocketVR   DOWNLOADS TODAY/TOTAL; 8/261 
 UGC3276250, Rocket Arena (Night),https://mod.io/g/pavlov/m/rocket-arena, MalaBG   DOWNLOADS TODAY/TOTAL; 3/271 
 UGC3276751, ,2000, CSS  https://mod.io/u/kote23451647604970 
 UGC3277063, Cloud Island (Day/Night),https://mod.io/g/pavlov/m/cloud-island, ZarrosUE5   DOWNLOADS TODAY/TOTAL; 0/16 
 UGC3277063, Cloud Island (Day/Night),https://mod.io/g/pavlov/m/cloud-island, ZarrosUE5   DOWNLOADS TODAY/TOTAL; 1/17 
 UGC3277276, [MOD] Chicken Spawns on Death,https://mod.io/g/pavlov/m/chicken-on-death, MessiahPenguin   DOWNLOADS TODAY/TOTAL; 0/39 
 UGC3277455, Survival Island,https://mod.io/g/pavlov/m/survival-island, DeadPixelVR   DOWNLOADS TODAY/TOTAL; 0/40 
 UGC3277941, SurfMap,https://mod.io/g/pavlov/m/surfmap, YellowHat07   DOWNLOADS TODAY/TOTAL; 0/22 
 UGC3278117, Longshot,https://mod.io/g/pavlov/m/longshot, BluIsBlue   DOWNLOADS TODAY/TOTAL; 95/1504 
 UGC3278117, Longshot,https://mod.io/g/pavlov/m/longshot, BluIsBlue   DOWNLOADS TODAY/TOTAL; 98/1507 
 UGC3278385, Concrete Nightmare,https://mod.io/g/pavlov/m/concrete-nightmare, ZarrosUE5   DOWNLOADS TODAY/TOTAL; 0/39 
 UGC3278484, Shoots CS:GO,https://mod.io/g/pavlov/m/shoots-csgo, KotE_2345   DOWNLOADS TODAY/TOTAL; 1/103 
 UGC3279686, LongShot,https://mod.io/g/pavlov/m/longshotgamemode, BluIsBlue   DOWNLOADS TODAY/TOTAL; 0/27 
 UGC3279815, [PlayerSkin] Manny,https://mod.io/g/pavlov/m/playerskin-manny, DarkAt„ÉÑ   DOWNLOADS TODAY/TOTAL; 0/23 
 UGC3282940, Blood Strike,https://mod.io/g/pavlov/m/blood-strike1, huangyiqian   DOWNLOADS TODAY/TOTAL; 0/19 
 UGC3284506, [MOD] Spawn Zombies on death,https://mod.io/g/pavlov/m/spawn-zombies-on-death, MessiahPenguin   DOWNLOADS TODAY/TOTAL; 0/3 
 UGC3284547, [wizard testing] Helicopter Air Assault,https://mod.io/g/pavlov/m/helicopter-air-assault, MessiahPenguin   DOWNLOADS TODAY/TOTAL; 0/2 
 UGC3284547, [wizard testing] Helicopter Air Assault,https://mod.io/g/pavlov/m/helicopter-air-assault, MessiahPenguin   DOWNLOADS TODAY/TOTAL; 1/3 
 UGC3284991, MTNVLY,https://mod.io/g/pavlov/m/mtnvly, MTNVLY   DOWNLOADS TODAY/TOTAL; 0/78 
 UGC3285516, Ryu Test,https://mod.io/g/pavlov/m/ryu-test, Ryuukami   DOWNLOADS TODAY/TOTAL; 0/16 
 UGC3286862, test map 1,https://mod.io/g/pavlov/m/test-map-1, Deep1nsideYou   DOWNLOADS TODAY/TOTAL; 0/3 
 UGC3287036, deep1nsideu's disco,https://mod.io/g/pavlov/m/deep1nsideus-disco, Deep1nsideYou   DOWNLOADS TODAY/TOTAL; 27/75 
 UGC3287212, Test,https://mod.io/g/pavlov/m/test361, Connorr_   DOWNLOADS TODAY/TOTAL; 0/1 
 UGC3289354, Blazing's Gun Testing,https://mod.io/g/pavlov/m/blazings-gun-testing, 1blazing1   DOWNLOADS TODAY/TOTAL; 5/5 
