 UGC2773654, Hydro,https://mod.io/g/pavlov/m/hydro1, MessiahPenguin   DOWNLOADS TODAY/TOTAL; 82/12699 
 UGC2773760, Gravity,https://mod.io/g/pavlov/m/gravity1, MessiahPenguin   DOWNLOADS TODAY/TOTAL; 1122/306247 
 UGC2773863, EveryItem,https://mod.io/g/pavlov/m/everyitem1, MessiahPenguin   DOWNLOADS TODAY/TOTAL; 1796/430802 
 UGC2788277, Pipes,https://mod.io/g/pavlov/m/pipes1, MessiahPenguin   DOWNLOADS TODAY/TOTAL; 38/7038 
 UGC2794023, [Prop Hunt] Construction Yard,https://mod.io/g/pavlov/m/construction-site, MessiahPenguin   DOWNLOADS TODAY/TOTAL; 37/8672 
 UGC2802821, Colonist's Playground PC,https://mod.io/g/pavlov/m/colonists-test-map, BritishColonist   DOWNLOADS TODAY/TOTAL; 210/16769 
 UGC2802826, Prophunt Dunder Mifflin,https://mod.io/g/pavlov/m/dunder-mifflin, Left4pillz   DOWNLOADS TODAY/TOTAL; 320/175778 
 UGC2803451, MCQuest TTT (Night),https://mod.io/g/pavlov/m/mcquest-ttt1, McLovinUrMother   DOWNLOADS TODAY/TOTAL; 621/382566 
 UGC2804322, McDonalds,https://mod.io/g/pavlov/m/mcdonalds, Left4pillz   DOWNLOADS TODAY/TOTAL; 2200/833060 
 UGC2804502, Dust 2 CSGO,https://mod.io/g/pavlov/m/cn-dust-2, vdchina   DOWNLOADS TODAY/TOTAL; 323/130214 
 UGC2806578, SWAT4 - Garage,https://mod.io/g/pavlov/m/swat4-garage3, markyxl   DOWNLOADS TODAY/TOTAL; 207/25514 
 UGC2806952, Prophunt Inc.,https://mod.io/g/pavlov/m/prophunt-inc, Left4pillz   DOWNLOADS TODAY/TOTAL; 288/167387 
 UGC2810539, Prophunt Restaurant,https://mod.io/g/pavlov/m/prophunt-restaurant, Left4pillz   DOWNLOADS TODAY/TOTAL; 119/30284 
 UGC2810764, Prophunt Warehouse,https://mod.io/g/pavlov/m/prophunt-warehouse, Left4pillz   DOWNLOADS TODAY/TOTAL; 28/7406 
 UGC2811999, Floating Isles,https://mod.io/g/pavlov/m/floating-isles, Left4pillz   DOWNLOADS TODAY/TOTAL; 38/6395 
 UGC2812319, Prophunt 67th Way,https://mod.io/g/pavlov/m/67th-way, Left4pillz   DOWNLOADS TODAY/TOTAL; 38/25365 
 UGC2812444, Prophunt Assault,https://mod.io/g/pavlov/m/assault-csgo, Left4pillz   DOWNLOADS TODAY/TOTAL; 44/7296 
 UGC2812878, Prophunt Burger King,https://mod.io/g/pavlov/m/burger-king, Left4pillz   DOWNLOADS TODAY/TOTAL; 568/98350 
 UGC2814416, 007 Casino Royale,https://mod.io/g/pavlov/m/casino-royale, Left4pillz   DOWNLOADS TODAY/TOTAL; 175/19676 
 UGC2814573, PavCraft 0.1 Open Alpha,https://mod.io/g/pavlov/m/pavcraft3, Mathtim   DOWNLOADS TODAY/TOTAL; 122/12908 
 UGC2814661, Prophunt Clue,https://mod.io/g/pavlov/m/clue, Left4pillz   DOWNLOADS TODAY/TOTAL; 57/19390 
 UGC2814848, aim_map,https://mod.io/g/pavlov/m/aim-map, LordFluffeh   DOWNLOADS TODAY/TOTAL; 49/15016 
 UGC2815002, Prophunt CQC,https://mod.io/g/pavlov/m/prophunt-cqc, Left4pillz   DOWNLOADS TODAY/TOTAL; 31/10217 
 UGC2815151, Exile,https://mod.io/g/pavlov/m/exile, Left4pillz   DOWNLOADS TODAY/TOTAL; 84/12083 
 UGC2815354, SWAT4 - Fairfax Residence,https://mod.io/g/pavlov/m/swat4-fairfax-residence3, markyxl   DOWNLOADS TODAY/TOTAL; 1364/282191 
 UGC2815367, Prophunt cs_office,https://mod.io/g/pavlov/m/prophunt-cs-office, Left4pillz   DOWNLOADS TODAY/TOTAL; 32/9023 
 UGC2816161, Mayan,https://mod.io/g/pavlov/m/mayan, McPick2   DOWNLOADS TODAY/TOTAL; 29/10605 
 UGC2816873, Prophunt Inc 2,https://mod.io/g/pavlov/m/prophunt-inc-2, Left4pillz   DOWNLOADS TODAY/TOTAL; 78/23690 
 UGC2817792, Suijin (TF2),https://mod.io/g/pavlov/m/suijin-tf2, Left4pillz   DOWNLOADS TODAY/TOTAL; 38/7120 
 UGC2817844, Ballistic,https://mod.io/g/pavlov/m/ballistic, McPick2   DOWNLOADS TODAY/TOTAL; 64/11560 
 UGC2819161, Harvest (TF2),https://mod.io/g/pavlov/m/harvest-tf2, Left4pillz   DOWNLOADS TODAY/TOTAL; 65/9423 
 UGC2819268, 2Fort (TF2),https://mod.io/g/pavlov/m/2fort, Left4pillz   DOWNLOADS TODAY/TOTAL; 75/37728 
 UGC2819934, McDonalds Night,https://mod.io/g/pavlov/m/mcdonalds-night, Left4pillz   DOWNLOADS TODAY/TOTAL; 623/249142 
 UGC2820291, Double Cross (TF2),https://mod.io/g/pavlov/m/double-cross-tf2, Left4pillz   DOWNLOADS TODAY/TOTAL; 38/7445 
 UGC2824923, Highrise,https://mod.io/g/pavlov/m/highrise, Left4pillz   DOWNLOADS TODAY/TOTAL; 37/7526 
 UGC2826705, Sewers,https://mod.io/g/pavlov/m/sewers, Left4pillz   DOWNLOADS TODAY/TOTAL; 63/6428 
 UGC2827215, BattleWar,https://mod.io/g/pavlov/m/battlewar, Un_Cocotier   DOWNLOADS TODAY/TOTAL; 202/93685 
 UGC2827773, BattleWar 2,https://mod.io/g/pavlov/m/battlewar-2, Un_Cocotier   DOWNLOADS TODAY/TOTAL; 187/29457 
 UGC2827985, 007 Bunker,https://mod.io/g/pavlov/m/007-bunker, Left4pillz   DOWNLOADS TODAY/TOTAL; 68/14877 
 UGC2828260, World in the sky,https://mod.io/g/pavlov/m/world-in-the-sky, Un_Cocotier   DOWNLOADS TODAY/TOTAL; 60/6932 
 UGC2828355, BattleArena,https://mod.io/g/pavlov/m/battlearena, Un_Cocotier   DOWNLOADS TODAY/TOTAL; 35/7230 
 UGC2829244, Terrarium,https://mod.io/g/pavlov/m/terrarium, Un_Cocotier   DOWNLOADS TODAY/TOTAL; 143/35087 
 UGC2829895, NightZone,https://mod.io/g/pavlov/m/nightzone, Un_Cocotier   DOWNLOADS TODAY/TOTAL; 53/13809 
 UGC2829997, 007 Cradle,https://mod.io/g/pavlov/m/007-cradle, Left4pillz   DOWNLOADS TODAY/TOTAL; 52/7853 
 UGC2829998, WarZone,https://mod.io/g/pavlov/m/warzone, Un_Cocotier   DOWNLOADS TODAY/TOTAL; 161/111911 
 UGC2830099, 007 Runway,https://mod.io/g/pavlov/m/007-runway, Left4pillz   DOWNLOADS TODAY/TOTAL; 84/12019 
 UGC2830130, Guerilla,https://mod.io/g/pavlov/m/guerilla, Un_Cocotier   DOWNLOADS TODAY/TOTAL; 98/33384 
 UGC2830195, CityWar,https://mod.io/g/pavlov/m/citywar, Un_Cocotier   DOWNLOADS TODAY/TOTAL; 51/8062 
 UGC2830290, BattleWar 3,https://mod.io/g/pavlov/m/battlewar-3, Un_Cocotier   DOWNLOADS TODAY/TOTAL; 97/10480 
 UGC2830707, Prophunt Richtown,https://mod.io/g/pavlov/m/richtown, Left4pillz   DOWNLOADS TODAY/TOTAL; 29/6677 
 UGC2830770, Pistol Office,https://mod.io/g/pavlov/m/pistol-office, Un_Cocotier   DOWNLOADS TODAY/TOTAL; 66/14149 
 UGC2832632, BorkBork,https://mod.io/g/pavlov/m/borkbork1, MessiahPenguin   DOWNLOADS TODAY/TOTAL; 29/5047 
 UGC2833513, Final Destination FAST,https://mod.io/g/pavlov/m/final-destination-fast, LordFluffeh   DOWNLOADS TODAY/TOTAL; 36/9280 
 UGC2833539, Solstice,https://mod.io/g/pavlov/m/solstice, lightningd27   DOWNLOADS TODAY/TOTAL; 41/11841 
 UGC2841715, Remnant,https://mod.io/g/pavlov/m/remnant1, MessiahPenguin   DOWNLOADS TODAY/TOTAL; 31/5674 
 UGC2842874, [CSGO] Amigo,https://mod.io/g/pavlov/m/amigo, MessiahPenguin   DOWNLOADS TODAY/TOTAL; 31/7753 
 UGC2845324, [Prop Hunt] Eggplant Farm,https://mod.io/g/pavlov/m/eggplant-farm, MessiahPenguin   DOWNLOADS TODAY/TOTAL; 50/17834 
 UGC2847379, Berlin,https://mod.io/g/pavlov/m/berlin, MessiahPenguin   DOWNLOADS TODAY/TOTAL; 117/74957 
 UGC2849391, DDAY RUSH,https://mod.io/g/pavlov/m/dday-rush1, MessiahPenguin   DOWNLOADS TODAY/TOTAL; 180/146570 
 UGC2865953, Prophunt Abandoned Hotel,https://mod.io/g/pavlov/m/prophunt-inc-5, Left4pillz   DOWNLOADS TODAY/TOTAL; 56/16869 
 UGC2867687, Overpass CSGO,https://mod.io/g/pavlov/m/overpass, vdchina   DOWNLOADS TODAY/TOTAL; 146/46408 
 UGC2870692, Pool Day,https://mod.io/g/pavlov/m/pool-day, Left4pillz   DOWNLOADS TODAY/TOTAL; 115/17003 
 UGC2876508, Bouncy Fun World,https://mod.io/g/pavlov/m/party-emoji, LordFluffeh   DOWNLOADS TODAY/TOTAL; 271/25890 
 UGC2879562, Italy CSGO,https://mod.io/g/pavlov/m/cn-italy, vdchina   DOWNLOADS TODAY/TOTAL; 60/21551 
 UGC2883129, 007 Japan,https://mod.io/g/pavlov/m/007-japan, Left4pillz   DOWNLOADS TODAY/TOTAL; 48/10602 
 UGC2925816, Bullet Train,https://mod.io/g/pavlov/m/bullet-train, Left4pillz   DOWNLOADS TODAY/TOTAL; 78/34148 
 UGC2943937, Olive Garden 2,https://mod.io/g/pavlov/m/olive-garden-2, LordFluffeh   DOWNLOADS TODAY/TOTAL; 42/13770 
 UGC2970978, [COD4] Nuketown,https://mod.io/g/pavlov/m/cod4-nuketown, MessiahPenguin   DOWNLOADS TODAY/TOTAL; 1984/417121 
 UGC2971042, [COD4] Summit,https://mod.io/g/pavlov/m/cod4-summit, MessiahPenguin   DOWNLOADS TODAY/TOTAL; 91/20672 
 UGC2972134, [COD4] Firing Range,https://mod.io/g/pavlov/m/cod4-firing-range, MessiahPenguin   DOWNLOADS TODAY/TOTAL; 79/18381 
 UGC3032599, Apex,https://mod.io/g/pavlov/m/apex, McPick2   DOWNLOADS TODAY/TOTAL; 48/13899 
 UGC3048982, Malibu,https://mod.io/g/pavlov/m/malibu, McPick2   DOWNLOADS TODAY/TOTAL; 122/18484 
 UGC3061028, Vice,https://mod.io/g/pavlov/m/vice, McPick2   DOWNLOADS TODAY/TOTAL; 180/20058 
 UGC3068410, ButtMap,https://mod.io/g/pavlov/m/buttmap, Buzz_McCallister   DOWNLOADS TODAY/TOTAL; 120/39860 
 UGC3068524, Ivory Tower,https://mod.io/g/pavlov/m/ivory-tower, Buzz_McCallister   DOWNLOADS TODAY/TOTAL; 37/5964 
 UGC3068669, Vigilance,https://mod.io/g/pavlov/m/vigilence, Buzz_McCallister   DOWNLOADS TODAY/TOTAL; 90/21225 
 UGC3068811, Imperial Castle,https://mod.io/g/pavlov/m/imperial-castle, Buzz_McCallister   DOWNLOADS TODAY/TOTAL; 47/13891 
 UGC3069993, Terminal,https://mod.io/g/pavlov/m/terminal, Buzz_McCallister   DOWNLOADS TODAY/TOTAL; 37/11454 
 UGC3071872, Zanzibar,https://mod.io/g/pavlov/m/zanzibar, Buzz_McCallister   DOWNLOADS TODAY/TOTAL; 63/15252 
 UGC3072232, Lockout,https://mod.io/g/pavlov/m/lockout, Buzz_McCallister   DOWNLOADS TODAY/TOTAL; 33/9068 
 UGC3072323, Turf,https://mod.io/g/pavlov/m/turf, Buzz_McCallister   DOWNLOADS TODAY/TOTAL; 40/7377 
 UGC3072671, Sanctuary,https://mod.io/g/pavlov/m/sanctuary, Buzz_McCallister   DOWNLOADS TODAY/TOTAL; 29/5410 
 UGC3072919, Tombstone,https://mod.io/g/pavlov/m/tombstone, Buzz_McCallister   DOWNLOADS TODAY/TOTAL; 47/10308 
 UGC3073046, Collosus,https://mod.io/g/pavlov/m/collosus, Buzz_McCallister   DOWNLOADS TODAY/TOTAL; 32/5981 
 UGC3073279, Containment,https://mod.io/g/pavlov/m/containment, Buzz_McCallister   DOWNLOADS TODAY/TOTAL; 31/6335 
 UGC3073391, Headlong,https://mod.io/g/pavlov/m/headlong1, Buzz_McCallister   DOWNLOADS TODAY/TOTAL; 52/11992 
 UGC3081825, Prophunt Western,https://mod.io/g/pavlov/m/prophunt-western, Left4pillz   DOWNLOADS TODAY/TOTAL; 100/46140 
 UGC3082408, Mountain Valley Reborn,https://mod.io/g/pavlov/m/mountain-valley-reborn, MTNVLY   DOWNLOADS TODAY/TOTAL; 27/6437 
 UGC3085188, Pearl,https://mod.io/g/pavlov/m/pearl, McPick2   DOWNLOADS TODAY/TOTAL; 45/9825 
 UGC3086063, Dawnville WWII,https://mod.io/g/pavlov/m/dawnville, Golden()   DOWNLOADS TODAY/TOTAL; 369/44736 
 UGC3090622, Alley (Shack-PC),https://mod.io/g/pavlov/m/alley, Gatto_nero   DOWNLOADS TODAY/TOTAL; 29/5020 
 UGC3103910, Rust,https://mod.io/g/pavlov/m/rust, vdchina   DOWNLOADS TODAY/TOTAL; 281/132040 
 UGC3113360, Iceworld,https://mod.io/g/pavlov/m/iceworld, vdchina   DOWNLOADS TODAY/TOTAL; 28/5629 
 UGC3114190, Prophunt Barrel House,https://mod.io/g/pavlov/m/prophunt-barrel-house, Left4pillz   DOWNLOADS TODAY/TOTAL; 32/10146 
 UGC3122309, Rio Favela,https://mod.io/g/pavlov/m/rio-favela, desxoficial   DOWNLOADS TODAY/TOTAL; 34/8409 
 UGC3123024, Debug,https://mod.io/g/pavlov/m/debug, MarkDey   DOWNLOADS TODAY/TOTAL; 33/6767 
 UGC3132480, Dust 2 CSGO Minecraft,https://mod.io/g/pavlov/m/dust-2-minecraft, vdchina   DOWNLOADS TODAY/TOTAL; 79/29640 
 UGC3132934, [COD4] Crash,https://mod.io/g/pavlov/m/cod4-crash, MessiahPenguin   DOWNLOADS TODAY/TOTAL; 194/71465 
 UGC3133545, [COD4] Ambush,https://mod.io/g/pavlov/m/ambush, MessiahPenguin   DOWNLOADS TODAY/TOTAL; 79/14637 
 UGC3133621, [COD4] Backlot,https://mod.io/g/pavlov/m/backlot, MessiahPenguin   DOWNLOADS TODAY/TOTAL; 86/11431 
 UGC3136883, The Randomizer: Moose Combat,https://mod.io/g/pavlov/m/therandomizer, Left4pillz   DOWNLOADS TODAY/TOTAL; 42/21410 
 UGC3141011, Newt Newt,https://mod.io/g/pavlov/m/newtnewt, Left4pillz   DOWNLOADS TODAY/TOTAL; 73/15262 
 UGC3146251, Prophunt Alchemist,https://mod.io/g/pavlov/m/prophunt-alchemist, Left4pillz   DOWNLOADS TODAY/TOTAL; 31/8126 
 UGC3149728, Prophunt Supermarket,https://mod.io/g/pavlov/m/prophunt-supermarket, Left4pillz   DOWNLOADS TODAY/TOTAL; 112/58011 
 UGC3189342, Menu Map,https://mod.io/g/pavlov/m/menu-map, DKingAlpha   DOWNLOADS TODAY/TOTAL; 29/9052 
 UGC3194849, [COD4] Shipment,https://mod.io/g/pavlov/m/shipment, LordFluffeh   DOWNLOADS TODAY/TOTAL; 223/61509 
 UGC3200772, [COD4] BOG,https://mod.io/g/pavlov/m/bog, MessiahPenguin   DOWNLOADS TODAY/TOTAL; 60/20003 
 UGC3202259, [COD4] Broadcast,https://mod.io/g/pavlov/m/broadcast, MessiahPenguin   DOWNLOADS TODAY/TOTAL; 78/11691 
 UGC3205167, [COD4] Chinatown,https://mod.io/g/pavlov/m/chinatown, MessiahPenguin   DOWNLOADS TODAY/TOTAL; 74/21575 
 UGC3210963, [MW2] Rust,https://mod.io/g/pavlov/m/rust1, MessiahPenguin   DOWNLOADS TODAY/TOTAL; 256/80532 
 UGC3210995, [COD4] Countdown,https://mod.io/g/pavlov/m/countdown, MessiahPenguin   DOWNLOADS TODAY/TOTAL; 42/9524 
 UGC3224017, Big Shipment,https://mod.io/g/pavlov/m/big-shipment, MessiahPenguin   DOWNLOADS TODAY/TOTAL; 30/5221 
 UGC3228430, Live Fire,https://mod.io/g/pavlov/m/wubungus, THW_Reaper   DOWNLOADS TODAY/TOTAL; 31/6779 
 UGC3228597, Vienna,https://mod.io/g/pavlov/m/vienna, charble675   DOWNLOADS TODAY/TOTAL; 51/8203 
 UGC3229032, [CSGO] McDonald's,https://mod.io/g/pavlov/m/mcdonalds1, MessiahPenguin   DOWNLOADS TODAY/TOTAL; 506/175771 
 UGC3230442, The Simpsons: Hit and Run - Level 1,https://mod.io/g/pavlov/m/the-simpsons, LordFluffeh   DOWNLOADS TODAY/TOTAL; 93/86138 
 UGC3230998, [BF3] Operation metro,https://mod.io/g/pavlov/m/operation-metro, MessiahPenguin   DOWNLOADS TODAY/TOTAL; 43/13175 
 UGC3232337, Lowpoly shipment,https://mod.io/g/pavlov/m/lowpoly-shipment, MessiahPenguin   DOWNLOADS TODAY/TOTAL; 26/7492 
 UGC3237514, [COD4] Vacant,https://mod.io/g/pavlov/m/vacant, MessiahPenguin   DOWNLOADS TODAY/TOTAL; 62/14836 
 UGC3237591, [COD4] Strike,https://mod.io/g/pavlov/m/strike, MessiahPenguin   DOWNLOADS TODAY/TOTAL; 39/10068 
 UGC3237753, [COD4] Showdown,https://mod.io/g/pavlov/m/showdown, MessiahPenguin   DOWNLOADS TODAY/TOTAL; 36/7671 
 UGC3238058, Flashpoint,https://mod.io/g/pavlov/m/flashpoint, MessiahPenguin   DOWNLOADS TODAY/TOTAL; 28/4777 
 UGC3242198, BlockoutZ,https://mod.io/g/pavlov/m/blockoutz1, AdactylDoesntExist   DOWNLOADS TODAY/TOTAL; 2/13923 
 UGC3242330, Rooftop 2,https://mod.io/g/pavlov/m/rooftop-2, AlexanderHille   DOWNLOADS TODAY/TOTAL; 26/5210 
 UGC3242354, DDAY UE5,https://mod.io/g/pavlov/m/dday-ue5, charble675   DOWNLOADS TODAY/TOTAL; 965/83993 
 UGC3242996, [MW2] Better Rust,https://mod.io/g/pavlov/m/better-rust, SmallDarkOne   DOWNLOADS TODAY/TOTAL; 51/22569 
 UGC3243056, Bridge test,https://mod.io/g/pavlov/m/bridge-test, Mr_NMP   DOWNLOADS TODAY/TOTAL; 4/1428 
 UGC3243910, FlatEarthRP V2,https://mod.io/g/pavlov/m/flatearthrpv2, CallMeRinChan   DOWNLOADS TODAY/TOTAL; 1/44500 
 UGC3244065, BestBuy,https://mod.io/g/pavlov/m/bestbuy, AlexanderHille   DOWNLOADS TODAY/TOTAL; 890/241440 
 UGC3244226, Jupiter Base,https://mod.io/g/pavlov/m/jupiter-base, AlexanderHille   DOWNLOADS TODAY/TOTAL; 1/496 
 UGC3244428, My House,https://mod.io/g/pavlov/m/my-house, AlexanderHille   DOWNLOADS TODAY/TOTAL; 302/76459 
 UGC3244499, de_wallmart1.6,https://mod.io/g/pavlov/m/de-wallmart16, Sponges_still_taken   DOWNLOADS TODAY/TOTAL; 82/38662 
 UGC3245761, Remnant (Shack),https://mod.io/g/pavlov/m/remnant-shack, Gatto_nero   DOWNLOADS TODAY/TOTAL; 32/5646 
 UGC3246562, 7-11,https://mod.io/g/pavlov/m/seveneleven, AppleChips   DOWNLOADS TODAY/TOTAL; 3489/1423200 
 UGC3247209, Pizza Hut,https://mod.io/g/pavlov/m/pizza-hut, Sponges_still_taken   DOWNLOADS TODAY/TOTAL; 122/17566 
 UGC3247339, Desert,https://mod.io/g/pavlov/m/desert, Koschtschei   DOWNLOADS TODAY/TOTAL; 693/249498 
 UGC3247570, Ardennes,https://mod.io/g/pavlov/m/ardennes-push, charble675   DOWNLOADS TODAY/TOTAL; 331/26549 
 UGC3247727, Foundation Night,https://mod.io/g/pavlov/m/foundation-night, Chalk_thin   DOWNLOADS TODAY/TOTAL; 26/51847 
 UGC3248718, PavZ,https://mod.io/g/pavlov/m/pavz1, ilPrimo   DOWNLOADS TODAY/TOTAL; 46/88830 
 UGC3249248, The Simpsons: Hit &amp; Run - Springfield City,https://mod.io/g/pavlov/m/springfield-city, MessiahPenguin   DOWNLOADS TODAY/TOTAL; 35/7565 
 UGC3249312, The Simpsons: Hit &amp; Run - Springfield Docks,https://mod.io/g/pavlov/m/springfield-docks, MessiahPenguin   DOWNLOADS TODAY/TOTAL; 29/6557 
 UGC3249319, ShaderRepro,https://mod.io/g/pavlov/m/shaderrepro, MarkDey   DOWNLOADS TODAY/TOTAL; 28/4378 
 UGC3249375, The Simpsons: Hit &amp; Run - Springfield Town,https://mod.io/g/pavlov/m/springfield-town, MessiahPenguin   DOWNLOADS TODAY/TOTAL; 80/19631 
 UGC3249401, Dreamscape (ZE),https://mod.io/g/pavlov/m/dreamscape-ze1, EconnAKZ   DOWNLOADS TODAY/TOTAL; 3/8108 
 UGC3250247, Prison Break,https://mod.io/g/pavlov/m/prison-break, kyr43id   DOWNLOADS TODAY/TOTAL; 7/1833 
 UGC3250484, Downtown Cargo,https://mod.io/g/pavlov/m/downtown-cargo, SmallDarkOne   DOWNLOADS TODAY/TOTAL; 0/870 
 UGC3250498, rocket's custom guns,https://mod.io/g/pavlov/m/rockets-custom-guns3, zeRocketVR   DOWNLOADS TODAY/TOTAL; 1023/424406 
 UGC3250571, SWAT4-ABomb,https://mod.io/g/pavlov/m/swat4-abomb, markyxl   DOWNLOADS TODAY/TOTAL; 135/29186 
 UGC3250865, Sahara Battlefield,https://mod.io/g/pavlov/m/sahara-strip, Chalk_thin   DOWNLOADS TODAY/TOTAL; 304/110852 
 UGC3251744, Aim_Undertale,https://mod.io/g/pavlov/m/aim-undertale, SmallDarkOne   DOWNLOADS TODAY/TOTAL; 7/3619 
 UGC3252855, Pavlov Kart,https://mod.io/g/pavlov/m/kodas-pavlov-kart, KodaTheProto   DOWNLOADS TODAY/TOTAL; 835/253393 
 UGC3253005, Doom E1M1,https://mod.io/g/pavlov/m/doom-e1m1, Sponges_still_taken   DOWNLOADS TODAY/TOTAL; 8/6172 
 UGC3253785, WildWestClownInfection - RC3,https://mod.io/g/pavlov/m/wildwestclowninfection-rc31, Flickzyy   DOWNLOADS TODAY/TOTAL; 346/65472 
 UGC3254082, SWAT4 Food Wall,https://mod.io/g/pavlov/m/swat4-food-wall, markyxl   DOWNLOADS TODAY/TOTAL; 90/45923 
 UGC3254609, Joe_Town,https://mod.io/g/pavlov/m/modkit, viggoappanvr   DOWNLOADS TODAY/TOTAL; 49/17458 
 UGC3254658, bunker,https://mod.io/g/pavlov/m/bunker1, minislinks   DOWNLOADS TODAY/TOTAL; 1/1580 
 UGC3254846, Bathroom,https://mod.io/g/pavlov/m/bathroom, 8baller   DOWNLOADS TODAY/TOTAL; 1/1852 
 UGC3254941, Isometric Sky,https://mod.io/g/pavlov/m/isometric-sky, 8baller   DOWNLOADS TODAY/TOTAL; 4/4241 
 UGC3257346, KFC,https://mod.io/g/pavlov/m/kfc, viggoappanvr   DOWNLOADS TODAY/TOTAL; 272/172028 
 UGC3258330, FlatCity,https://mod.io/g/pavlov/m/flatcity, CallMeRinChan   DOWNLOADS TODAY/TOTAL; 17/3610 
 UGC3258469, FNAF,https://mod.io/g/pavlov/m/fnaf151, bman/b   DOWNLOADS TODAY/TOTAL; 9/25927 
 UGC3260023, The Graveyard - MediEvil PS1,https://mod.io/g/pavlov/m/the-graveyard-medievil-ps1, Glitch5970   DOWNLOADS TODAY/TOTAL; 32/4426 
 UGC3260211, RobloxTowers,https://mod.io/g/pavlov/m/robloxtowers, firebiteee   DOWNLOADS TODAY/TOTAL; 18/6328 
 UGC3260444, CSGO Nuke,https://mod.io/g/pavlov/m/nuke, SmallDarkOne   DOWNLOADS TODAY/TOTAL; 94/2174 
 UGC3262296, SWAT4 Power Plant,https://mod.io/g/pavlov/m/swat4-power-plant, markyxl   DOWNLOADS TODAY/TOTAL; 45/17447 
 UGC3262824, MalasMediocreMap,https://mod.io/g/pavlov/m/malasmediocremap, MalaBG   DOWNLOADS TODAY/TOTAL; 0/187 
 UGC3263166, Movie Theater,https://mod.io/g/pavlov/m/gorilla-tag-map, viggoappanvr   DOWNLOADS TODAY/TOTAL; 27/28091 
 UGC3263403, CSGO Office MX,https://mod.io/g/pavlov/m/csgo-office, markyxl   DOWNLOADS TODAY/TOTAL; 169/37246 
 UGC3263481, Fields Of France,https://mod.io/g/pavlov/m/fields-of-france, charble675   DOWNLOADS TODAY/TOTAL; 32/13280 
 UGC3263736, WhiteSand,https://mod.io/g/pavlov/m/whitesand, SmallDarkOne   DOWNLOADS TODAY/TOTAL; 5/2293 
 UGC3265027, ShackTestMap,https://mod.io/g/pavlov/m/shacktestmap, vdchina   DOWNLOADS TODAY/TOTAL; 9/1031 
 UGC3265420, TestGuns,https://mod.io/g/pavlov/m/testguns, MarkDey   DOWNLOADS TODAY/TOTAL; 90/7247 
 UGC3266078, Markyxl's playground,https://mod.io/g/pavlov/m/markyxls-playground, markyxl   DOWNLOADS TODAY/TOTAL; 0/840 
 UGC3266309, gm_construct,https://mod.io/g/pavlov/m/gm-construct, Sponges_still_taken   DOWNLOADS TODAY/TOTAL; 177/88407 
 UGC3266780, Oilrig,https://mod.io/g/pavlov/m/oilrig-quest, SmallDarkOne   DOWNLOADS TODAY/TOTAL; 46/1444 
 UGC3267926, [MOD] Allow Buy + Full Cash,https://mod.io/g/pavlov/m/fullcash, MessiahPenguin   DOWNLOADS TODAY/TOTAL; 146/9882 
 UGC3267957, PavZ: Desert,https://mod.io/g/pavlov/m/pavz-desert, ilPrimo   DOWNLOADS TODAY/TOTAL; 421/14339 
 UGC3267965, PavZ: Gamemode,https://mod.io/g/pavlov/m/pavz3, ilPrimo   DOWNLOADS TODAY/TOTAL; 857/25549 
 UGC3267976, [Gamemode] Random Gun On Kill,https://mod.io/g/pavlov/m/random-gun-on-kill1, MessiahPenguin   DOWNLOADS TODAY/TOTAL; 907/32043 
 UGC3268102, PavZ: Modkit,https://mod.io/g/pavlov/m/pavz-modkit, ilPrimo   DOWNLOADS TODAY/TOTAL; 1052/26860 
 UGC3268233, [MOD] Darude Sandstorm 24/7,https://mod.io/g/pavlov/m/funny-sounds, MessiahPenguin   DOWNLOADS TODAY/TOTAL; 40/6638 
 UGC3268282, [MOD] No Gravity,https://mod.io/g/pavlov/m/no-gravity, MessiahPenguin   DOWNLOADS TODAY/TOTAL; 58/7250 
 UGC3268342, [MOD] Low Gravity,https://mod.io/g/pavlov/m/low-gravity, MessiahPenguin   DOWNLOADS TODAY/TOTAL; 29/3888 
 UGC3268465, [MOD] Dynamic Gravity,https://mod.io/g/pavlov/m/changing-gravity, MessiahPenguin   DOWNLOADS TODAY/TOTAL; 109/4484 
 UGC3268512, [MOD] Crazy Realistic Knocking Sound Troll,https://mod.io/g/pavlov/m/who-is-at-the-door, MessiahPenguin   DOWNLOADS TODAY/TOTAL; 250/11846 
 UGC3268715, [MOD] Rick Roll 24/7,https://mod.io/g/pavlov/m/rickroll, MessiahPenguin   DOWNLOADS TODAY/TOTAL; 85/4501 
 UGC3268798, [MOD] Enable Prone in SND,https://mod.io/g/pavlov/m/enable-prone, DarkAtツ   DOWNLOADS TODAY/TOTAL; 45/5508 
 UGC3268840, [MOD] Slow Motion,https://mod.io/g/pavlov/m/slow-motion, MessiahPenguin   DOWNLOADS TODAY/TOTAL; 107/8803 
 UGC3268853, [MOD] Double Time,https://mod.io/g/pavlov/m/double-time, MessiahPenguin   DOWNLOADS TODAY/TOTAL; 37/4436 
 UGC3269828, [VEH] KENNITHH's - LittleBird,https://mod.io/g/pavlov/m/mod-kennithhs-littlebird, KENNITHH   DOWNLOADS TODAY/TOTAL; 2635/72727 
 UGC3269920, [GUN] KENNITHH's - WWII Weapons Pack,https://mod.io/g/pavlov/m/gun-kennithhs-wwii-weapons-pack1, KENNITHH   DOWNLOADS TODAY/TOTAL; 1955/81122 
 UGC3269978, [GUN] KENNITHH's - Modern Weapons,https://mod.io/g/pavlov/m/gun-kennithhs-modern-weapons, KENNITHH   DOWNLOADS TODAY/TOTAL; 1333/37348 
 UGC3270082, [SKINS] KENNITHH's USMC,https://mod.io/g/pavlov/m/skins-kennithhs-usmc, KENNITHH   DOWNLOADS TODAY/TOTAL; 579/18655 
 UGC3270108, [SKINS] KENNITHH's RAF,https://mod.io/g/pavlov/m/skins-kennithhs-raf, KENNITHH   DOWNLOADS TODAY/TOTAL; 577/15624 
 UGC3270256, [VEH] KENNITHH's - USTruck,https://mod.io/g/pavlov/m/mod-kennithhs-truckus, KENNITHH   DOWNLOADS TODAY/TOTAL; 1913/52864 
 UGC3271335, Dust2 (PCL),https://mod.io/g/pavlov/m/dust2, SmallDarkOne   DOWNLOADS TODAY/TOTAL; 1/579 
 UGC3272975, [GUN] Glock 19 Gen. 5,https://mod.io/g/pavlov/m/mod-glock-19-gen-5, Golden()   DOWNLOADS TODAY/TOTAL; 4143/108506 
 UGC3273828, Doomspire Brickbattle,https://mod.io/g/pavlov/m/doomspire-brickbattle, MalaBG   DOWNLOADS TODAY/TOTAL; 113/82061 
 UGC3274095, ReiMapTest [can play snd and zombies i think],https://mod.io/g/pavlov/m/ze-reimapstiff, AMBATaKAMss   DOWNLOADS TODAY/TOTAL; 28/9034 
 UGC3274282, Crossroads (Roblox),https://mod.io/g/pavlov/m/crossroads-roblox, MalaBG   DOWNLOADS TODAY/TOTAL; 35/17181 
 UGC3274441, DJ's Item Playground,https://mod.io/g/pavlov/m/djs-test-map2, andrecreatescoolmaps   DOWNLOADS TODAY/TOTAL; 447/165975 
 UGC3274566, Dust 2 CS16,https://mod.io/g/pavlov/m/dust-2-cs16, KotE_2345   DOWNLOADS TODAY/TOTAL; 62/6977 
 UGC3274826, Sector,https://mod.io/g/pavlov/m/sector, zeurumvr   DOWNLOADS TODAY/TOTAL; 1/151 
 UGC3275237, Horsey Simulator 2024,https://mod.io/g/pavlov/m/mountainhouse, AppleChips   DOWNLOADS TODAY/TOTAL; 22/14525 
 UGC3275597, Cache Shack [Temp],https://mod.io/g/pavlov/m/cache-shack-temp, enjoilethals   DOWNLOADS TODAY/TOTAL; 21/4569 
 UGC3275744, Greenscreen,https://mod.io/g/pavlov/m/greenscreen, zeRocketVR   DOWNLOADS TODAY/TOTAL; 28/6115 
 UGC3276250, Rocket Arena (Night),https://mod.io/g/pavlov/m/rocket-arena, MalaBG   DOWNLOADS TODAY/TOTAL; 30/5624 
 UGC3276697, Gorilla Tag Beach,https://mod.io/g/pavlov/m/gorilla-tag-beach, firebiteee   DOWNLOADS TODAY/TOTAL; 38/44341 
 UGC3276751, ,2000, CSS  https://mod.io/u/kote23451647604970 
 UGC3277276, [MOD] Chicken Spawns on Death,https://mod.io/g/pavlov/m/chicken-on-death, MessiahPenguin   DOWNLOADS TODAY/TOTAL; 328/8978 
 UGC3278484, Shoots CS:GO,https://mod.io/g/pavlov/m/shoots-csgo, KotE_2345   DOWNLOADS TODAY/TOTAL; 149/6587 
 UGC3278604, Zone 25,https://mod.io/g/pavlov/m/zone-252, Kody123_   DOWNLOADS TODAY/TOTAL; 139/67911 
 UGC3278975, CSGO Mirage,https://mod.io/g/pavlov/m/mirage-quest, SmallDarkOne   DOWNLOADS TODAY/TOTAL; 184/37737 
 UGC3279243, El Paso,https://mod.io/g/pavlov/m/el-paso, realThatTexan   DOWNLOADS TODAY/TOTAL; 11/8908 
 UGC3279518, The Pavlov Dead,https://mod.io/g/pavlov/m/the-pavlov-dead, Flickzyy   DOWNLOADS TODAY/TOTAL; 247/197567 
 UGC3279620, PicolasCageLoverWorld,https://mod.io/g/pavlov/m/picolascageloverworld, AppleChips   DOWNLOADS TODAY/TOTAL; 47/14528 
 UGC3279686, Longshot,https://mod.io/g/pavlov/m/longshotgamemode, BluIsBlue   DOWNLOADS TODAY/TOTAL; 207/10711 
 UGC3279815, [PlayerSkin] Manny,https://mod.io/g/pavlov/m/playerskin-manny, DarkAtツ   DOWNLOADS TODAY/TOTAL; 339/12871 
 UGC3282849, Chester's Test,https://mod.io/g/pavlov/m/chesters-test, C.Richardson1   DOWNLOADS TODAY/TOTAL; 1/348 
 UGC3283728, Overpass Shack [Temp],https://mod.io/g/pavlov/m/overpass-shack-temp, enjoilethals   DOWNLOADS TODAY/TOTAL; 16/4277 
 UGC3283822, Dust II CSS [Temp],https://mod.io/g/pavlov/m/dust-ii-css-temp, enjoilethals   DOWNLOADS TODAY/TOTAL; 15/10586 
 UGC3283878, Chesters Test Mod 2,https://mod.io/g/pavlov/m/chesters-test-mod-2, C.Richardson1   DOWNLOADS TODAY/TOTAL; 2/1150 
 UGC3284506, [MOD] Spawn Zombies on death,https://mod.io/g/pavlov/m/spawn-zombies-on-death, MessiahPenguin   DOWNLOADS TODAY/TOTAL; 82/4656 
 UGC3291845, Rooftops - Randomized Combat,https://mod.io/g/pavlov/m/rooftops-randomized-combat, Forter346   DOWNLOADS TODAY/TOTAL; 8/2375 
 UGC3292659, AWP Lego,https://mod.io/g/pavlov/m/awp-lego, SmallDarkOne   DOWNLOADS TODAY/TOTAL; 6/1270 
 UGC3294662, CHESS,https://mod.io/g/pavlov/m/chessboard, Forter346   DOWNLOADS TODAY/TOTAL; 1/2828 
 UGC3294901, Stage,https://mod.io/g/pavlov/m/stage, Bikaryn5-B   DOWNLOADS TODAY/TOTAL; 0/159 
 UGC3296718, [MOD] WIDE Spawns,https://mod.io/g/pavlov/m/scale-spawns, MessiahPenguin   DOWNLOADS TODAY/TOTAL; 34/6044 
 UGC3296844, [MOD] Fast Movement,https://mod.io/g/pavlov/m/speedy, MessiahPenguin   DOWNLOADS TODAY/TOTAL; 197/1478 
 UGC3298629, FNAF 1,https://mod.io/g/pavlov/m/five-nights-at-freddys-1-map, AMBATaKAMss   DOWNLOADS TODAY/TOTAL; 1389/366928 
 UGC3299095, City Life,https://mod.io/g/pavlov/m/nascar1, SlimyAn   DOWNLOADS TODAY/TOTAL; 10/3390 
 UGC3301102, IHOP,https://mod.io/g/pavlov/m/ihop, Forter346   DOWNLOADS TODAY/TOTAL; 9/3939 
 UGC3301370, test,https://mod.io/g/pavlov/m/bad-rp, hjgf   DOWNLOADS TODAY/TOTAL; 1/10486 
 UGC3301431, CASTLE,https://mod.io/g/pavlov/m/glass-castle, desxoficial   DOWNLOADS TODAY/TOTAL; 29/4547 
 UGC3301448, MC City TTT [QUEST],https://mod.io/g/pavlov/m/mc-city, SmallDarkOne   DOWNLOADS TODAY/TOTAL; 31/1253 
 UGC3301480, Pav-RP,https://mod.io/g/pavlov/m/pav-rp, rooobes   DOWNLOADS TODAY/TOTAL; 989/169381 
 UGC3301622, ROBLOX Prison Life,https://mod.io/g/pavlov/m/roblox-prison-life, kyr43id   DOWNLOADS TODAY/TOTAL; 31/74651 
 UGC3302028, RedsTestMap,https://mod.io/g/pavlov/m/redstestmap, RedlDev   DOWNLOADS TODAY/TOTAL; 0/231 
 UGC3302373, Orange,https://mod.io/g/pavlov/m/orange, SmallDarkOne   DOWNLOADS TODAY/TOTAL; 40/9654 
 UGC3302405, Crop Duster Mod,https://mod.io/g/pavlov/m/crop-duster-mod, Buzz_McCallister   DOWNLOADS TODAY/TOTAL; 210/21398 
 UGC3303579, Payload,https://mod.io/g/pavlov/m/payload, zeurumvr   DOWNLOADS TODAY/TOTAL; 0/131 
 UGC3304347, Testing,https://mod.io/g/pavlov/m/testing3, zach.gamage   DOWNLOADS TODAY/TOTAL; 3/412 
 UGC3304350, Space Guns Charble,https://mod.io/g/pavlov/m/space-guns-charble, charble675   DOWNLOADS TODAY/TOTAL; 177/7813 
 UGC3304374, SpaceGunTestCharb,https://mod.io/g/pavlov/m/spaceguntestcharb, charble675   DOWNLOADS TODAY/TOTAL; 31/6654 
 UGC3304761, Slumcity,https://mod.io/g/pavlov/m/slumcity, seanmorgan1   DOWNLOADS TODAY/TOTAL; 27/4512 
 UGC3305123, Cordon,https://mod.io/g/pavlov/m/goodtime-cordon, shadowmanold   DOWNLOADS TODAY/TOTAL; 12/20529 
 UGC3305703, Richmond RP,https://mod.io/g/pavlov/m/richmond-rp, 2cool4ubros   DOWNLOADS TODAY/TOTAL; 3/3389 
 UGC3306276, LabX10,https://mod.io/g/pavlov/m/hopper, shadowmanold   DOWNLOADS TODAY/TOTAL; 119/3838 
 UGC3308204, CSGO Dust2 MX,https://mod.io/g/pavlov/m/csgo-dust2, markyxl   DOWNLOADS TODAY/TOTAL; 99/23749 
 UGC3308649, Victorian Train Station,https://mod.io/g/pavlov/m/vts, 8baller   DOWNLOADS TODAY/TOTAL; 1/1339 
 UGC3309551, Ferryman's Ship - ULTRAKILL,https://mod.io/g/pavlov/m/ferrymanship, Forter346   DOWNLOADS TODAY/TOTAL; 1/1538 
 UGC3309673, Sand Night (Shack),https://mod.io/g/pavlov/m/sandnight, THW_Reaper   DOWNLOADS TODAY/TOTAL; 43/2567 
 UGC3309721, RE Garden,https://mod.io/g/pavlov/m/re-garden, yesthatelijah   DOWNLOADS TODAY/TOTAL; 2/167 
 UGC3309849, GO_Vertigo,https://mod.io/g/pavlov/m/go-vertigo, yesthatelijah   DOWNLOADS TODAY/TOTAL; 17/2365 
 UGC3309873, fnaf ig?,https://mod.io/g/pavlov/m/fnaf-ig, jelatin   DOWNLOADS TODAY/TOTAL; 3/1856 
 UGC3310001, TestWorldPlasma,https://mod.io/g/pavlov/m/testworldplasma, justicewilson7451   DOWNLOADS TODAY/TOTAL; 29/4063 
 UGC3311695, Minecraft - Shack Edition,https://mod.io/g/pavlov/m/minecraft-shack-edition, Xenovy   DOWNLOADS TODAY/TOTAL; 186/84167 
 UGC3312013, ue5_orange,https://mod.io/g/pavlov/m/ue5-orange, 8baller   DOWNLOADS TODAY/TOTAL; 0/419 
 UGC3312415, Mall,https://mod.io/g/pavlov/m/mall, hjgf   DOWNLOADS TODAY/TOTAL; 10/1087 
 UGC3314113, Mc Haven TTT (BETA-Testing),https://mod.io/g/pavlov/m/mc-haven-ttt-beta, McLovinUrMother   DOWNLOADS TODAY/TOTAL; 59/34325 
 UGC3315398, Platform,https://mod.io/g/pavlov/m/platform1, Banana-Man   DOWNLOADS TODAY/TOTAL; 0/573 
 UGC3315620, SCP-173 containment chamber,https://mod.io/g/pavlov/m/scp-173-containment-chamber, viggoappanvr   DOWNLOADS TODAY/TOTAL; 37/49630 
 UGC3315667, CORDON RP,https://mod.io/g/pavlov/m/cordon-rp1, svdjet   DOWNLOADS TODAY/TOTAL; 38/42375 
 UGC3316870, what a thrill,https://mod.io/g/pavlov/m/what-a-thrill, 8baller   DOWNLOADS TODAY/TOTAL; 142/18910 
 UGC3317212, D.E.V.,https://mod.io/g/pavlov/m/dev, zeurumvr   DOWNLOADS TODAY/TOTAL; 0/309 
 UGC3318510, Islands (supports TDM now),https://mod.io/g/pavlov/m/islands, Banana-Man   DOWNLOADS TODAY/TOTAL; 0/829 
 UGC3318903, Colonist's WW1 pack,https://mod.io/g/pavlov/m/colonists-ww1-guns-pack, BritishColonist   DOWNLOADS TODAY/TOTAL; 2420/84807 
 UGC3321978, Death Star,https://mod.io/g/pavlov/m/death-star, I_AM_ALGORITHM   DOWNLOADS TODAY/TOTAL; 6/1663 
 UGC3322742, CSGO Train,https://mod.io/g/pavlov/m/train, SmallDarkOne   DOWNLOADS TODAY/TOTAL; 9/3316 
 UGC3327127, Forest WW1,https://mod.io/g/pavlov/m/forest151, shadowmanold   DOWNLOADS TODAY/TOTAL; 57/33138 
 UGC3330923, [GUN] Big Iron,https://mod.io/g/pavlov/m/shack-gun-testing, MessiahPenguin   DOWNLOADS TODAY/TOTAL; 630/13503 
 UGC3330934, TTT BuyMenu Test,https://mod.io/g/pavlov/m/ttt-buymenu-test, Mottflyer   DOWNLOADS TODAY/TOTAL; 42/4322 
 UGC3331170, Christmas Cabin 5.1.1,https://mod.io/g/pavlov/m/christmas-cabin-511, BigChungus26oepftj1r   DOWNLOADS TODAY/TOTAL; 85/4379 
 UGC3331190, Pavlov Playground,https://mod.io/g/pavlov/m/testmap6, 8baller   DOWNLOADS TODAY/TOTAL; 42/4851 
 UGC3334991, [GM] Attrition,https://mod.io/g/pavlov/m/gm-attrition, ryguy10712   DOWNLOADS TODAY/TOTAL; 300/11985 
 UGC3339136, ctf_hlstalk [Capture The Flag],https://mod.io/g/pavlov/m/ctfhlstalk, HamerTH   DOWNLOADS TODAY/TOTAL; 27/5185 
 UGC3340276, TANKS,https://mod.io/g/pavlov/m/tanks, svdjet   DOWNLOADS TODAY/TOTAL; 258/37483 
 UGC3341740, Corn Maze,https://mod.io/g/pavlov/m/corn-maze, Forter346   DOWNLOADS TODAY/TOTAL; 3/2515 
 UGC3347636, [PORT] RP FISH TOWN,https://mod.io/g/pavlov/m/port-rp-fish-town, analgaming12   DOWNLOADS TODAY/TOTAL; 29/6914 
 UGC3349042, TestCJ,https://mod.io/g/pavlov/m/testcj, -CJ   DOWNLOADS TODAY/TOTAL; 0/1280 
 UGC3349615, [MOD] Get Bigger on kill,https://mod.io/g/pavlov/m/bigger-on-kill, MessiahPenguin   DOWNLOADS TODAY/TOTAL; 70/5364 
 UGC3349910, Vote For Maps[Shack]test,https://mod.io/g/pavlov/m/vote-for-maps, vdchina   DOWNLOADS TODAY/TOTAL; 0/374 
 UGC3352273, The Moon,https://mod.io/g/pavlov/m/the-moon, zeurumvr   DOWNLOADS TODAY/TOTAL; 11/3257 
 UGC3354174, kitty wars,https://mod.io/g/pavlov/m/kitty-wars, BanaBanana   DOWNLOADS TODAY/TOTAL; 30/4551 
 UGC3354510, house,https://mod.io/g/pavlov/m/flatgrass, zeurumvr   DOWNLOADS TODAY/TOTAL; 1/946 
 UGC3355759, DESX3 TEST,https://mod.io/g/pavlov/m/desx3-test, desxoficial   DOWNLOADS TODAY/TOTAL; 0/77 
 UGC3357067, [MOD] Get smaller on kill,https://mod.io/g/pavlov/m/get-smaller-on-kill, MessiahPenguin   DOWNLOADS TODAY/TOTAL; 63/5394 
 UGC3358927, Napoleon Simulator,https://mod.io/g/pavlov/m/napeoleonsimulator, AppleChips   DOWNLOADS TODAY/TOTAL; 184/24239 
 UGC3359822, Isometric Sky (Higher Quality),https://mod.io/g/pavlov/m/isometric-sky-higher-quality, 8baller   DOWNLOADS TODAY/TOTAL; 4/697 
 UGC3360835, My Test,https://mod.io/g/pavlov/m/mytest, HamerTH   DOWNLOADS TODAY/TOTAL; 7/2317 
 UGC3361060, Bluish Zone,https://mod.io/g/pavlov/m/bluish, Qorantun   DOWNLOADS TODAY/TOTAL; 0/137 
 UGC3361090, Valhalla,https://mod.io/g/pavlov/m/valhalla2, Buzz_McCallister   DOWNLOADS TODAY/TOTAL; 792/23264 
 UGC3363312, Coagulation,https://mod.io/g/pavlov/m/coagulation1, Buzz_McCallister   DOWNLOADS TODAY/TOTAL; 141/7740 
 UGC3364307, Elimination: Forest (Beta),https://mod.io/g/pavlov/m/test252, MaJerati   DOWNLOADS TODAY/TOTAL; 30/3085 
 UGC3365557, Weather Mod,https://mod.io/g/pavlov/m/weather-mod, charble675   DOWNLOADS TODAY/TOTAL; 1061/12937 
 UGC3366124, LMT gun,https://mod.io/g/pavlov/m/pstest, PavIovShack   DOWNLOADS TODAY/TOTAL; 3/993 
 UGC3366724, Pripyat,https://mod.io/g/pavlov/m/pripyat1, svdjet   DOWNLOADS TODAY/TOTAL; 1/280 
 UGC3369812, ET Battery,https://mod.io/g/pavlov/m/et-battery, AngelServers   DOWNLOADS TODAY/TOTAL; 0/80 
 UGC3370880, [서든 어택 Sudden Attack] 프로방스 Provence,https://mod.io/g/pavlov/m/sudden-attack-provence, VirtualBOXVM   DOWNLOADS TODAY/TOTAL; 30/3309 
 UGC3371171, [MOD] Disable Fall Damage,https://mod.io/g/pavlov/m/mod-disable-fall-damage, DarkAtツ   DOWNLOADS TODAY/TOTAL; 128/4586 
 UGC3374721, Cat House,https://mod.io/g/pavlov/m/cat-house, AlexanderHille   DOWNLOADS TODAY/TOTAL; 0/563 
 UGC3375400, Ascension,https://mod.io/g/pavlov/m/gameplayascension, Buzz_McCallister   DOWNLOADS TODAY/TOTAL; 31/4021 
 UGC3376064, test of the grounds,https://mod.io/g/pavlov/m/test-of-the-grounds, BanaBanana   DOWNLOADS TODAY/TOTAL; 29/3135 
 UGC3377040, testy,https://mod.io/g/pavlov/m/testy, saltedcrackerjack   DOWNLOADS TODAY/TOTAL; 29/3930 
 UGC3378677, SANDBOX_MAP_V2,https://mod.io/g/pavlov/m/sandbox-map-v2, golfwang1217   DOWNLOADS TODAY/TOTAL; 10/896 
 UGC3379546, CSMapTests,https://mod.io/g/pavlov/m/csmaptests, PavIovShack   DOWNLOADS TODAY/TOTAL; 0/68 
 UGC3381455, AngelServers Lobby,https://mod.io/g/pavlov/m/angelservers-lobby, AngelServers   DOWNLOADS TODAY/TOTAL; 0/347 
 UGC3385505, Forest WW1 Night,https://mod.io/g/pavlov/m/forest-night, shadowmanold   DOWNLOADS TODAY/TOTAL; 19/10407 
 UGC3387516, Trailer Park,https://mod.io/g/pavlov/m/trailer-park, AppleChips   DOWNLOADS TODAY/TOTAL; 10/17516 
 UGC3388472, [GUN] Haftohlladung Magnetic Grenade,https://mod.io/g/pavlov/m/gun-haftohlladung-magnetic-grenade, Golden()   DOWNLOADS TODAY/TOTAL; 128/7694 
 UGC3389004, GoldenTestMap,https://mod.io/g/pavlov/m/goldentestmap, Golden()   DOWNLOADS TODAY/TOTAL; 33/3439 
 UGC3389277, Camp,https://mod.io/g/pavlov/m/camp, AlexanderHille   DOWNLOADS TODAY/TOTAL; 10/3303 
 UGC3391413, [MOD] Airstrike Binocular,https://mod.io/g/pavlov/m/mod-airstrike-binocular, Golden()   DOWNLOADS TODAY/TOTAL; 1538/47724 
 UGC3391531, [MOD] Construction Hammer,https://mod.io/g/pavlov/m/mod-construction-hammer, Golden()   DOWNLOADS TODAY/TOTAL; 1282/32016 
 UGC3392296, Los Pollos Hermanos,https://mod.io/g/pavlov/m/los-pollos-hermanos1, Sponges_still_taken   DOWNLOADS TODAY/TOTAL; 10/4317 
 UGC3394171, Space-Hulk TMS02,https://mod.io/g/pavlov/m/space-hulk-tms02, Joven0culto   DOWNLOADS TODAY/TOTAL; 44/3335 
 UGC3395302, Samree Depot - H&amp;G WW2 (PC Quest 3),https://mod.io/g/pavlov/m/samree-depot-heroes-and-generals-ww22, LizardKing1586840943   DOWNLOADS TODAY/TOTAL; 68/37513 
 UGC3397702, [MOD] Hardcore,https://mod.io/g/pavlov/m/mod-hardcore, Golden()   DOWNLOADS TODAY/TOTAL; 39/2776 
 UGC3399686, Forest WW2,https://mod.io/g/pavlov/m/forest-ww2, shadowmanold   DOWNLOADS TODAY/TOTAL; 9/2883 
 UGC3403106, test,https://mod.io/g/pavlov/m/test408, MacDoesThings.2022oc   DOWNLOADS TODAY/TOTAL; 0/56 
 UGC3404214, Hydro Night PavS,https://mod.io/g/pavlov/m/hydro-night-pavs, PavIovShack   DOWNLOADS TODAY/TOTAL; 35/3091 
 UGC3409583, Greenway,https://mod.io/g/pavlov/m/greenway, MacDoesThings.2022oc   DOWNLOADS TODAY/TOTAL; 0/82 
 UGC3411291, Santorini Night (Shack),https://mod.io/g/pavlov/m/santorini-night-shack, THW_Reaper   DOWNLOADS TODAY/TOTAL; 10/1255 
 UGC3411378, sisyphus simulator,https://mod.io/g/pavlov/m/sisyphus-simulator, Forter346   DOWNLOADS TODAY/TOTAL; 18/23633 
 UGC3411819, Mountain Range PVP,https://mod.io/g/pavlov/m/construction, MacDoesThings.2022oc   DOWNLOADS TODAY/TOTAL; 1/149 
 UGC3411909, PL 2.0 (Alpha Testing),https://mod.io/g/pavlov/m/pltest, kyr43id   DOWNLOADS TODAY/TOTAL; 1080/8603 
 UGC3413534, Pistol Town (Shack ): 1.6 Release,https://mod.io/g/pavlov/m/pistol-town-shack-version, MaJerati   DOWNLOADS TODAY/TOTAL; 112/29826 
 UGC3415192, Space-Hulk CMS01,https://mod.io/g/pavlov/m/space-hulk-cms01, Joven0culto   DOWNLOADS TODAY/TOTAL; 212/3086 
 UGC3421062, rp small town custom,https://mod.io/g/pavlov/m/rpsmalltowncustom, Kody123_   DOWNLOADS TODAY/TOTAL; 2231/97494 
 UGC3422287, Siberia Night PavS,https://mod.io/g/pavlov/m/siberia-night-pavs, PavIovShack   DOWNLOADS TODAY/TOTAL; 448/38488 
 UGC3423933, SANDY_MAP,https://mod.io/g/pavlov/m/sandy-map, golfwang1217   DOWNLOADS TODAY/TOTAL; 28/1025 
 UGC3427658, CS_Mansion,https://mod.io/g/pavlov/m/cs-mansion, PowerSJK   DOWNLOADS TODAY/TOTAL; 0/122 
 UGC3430185, MyHouse.wad,https://mod.io/g/pavlov/m/myhousewad, MessyMasyn   DOWNLOADS TODAY/TOTAL; 22/760 
 UGC3430252, CSGO / CS 1.6 Inferno,https://mod.io/g/pavlov/m/inferno-quest, SmallDarkOne   DOWNLOADS TODAY/TOTAL; 43/2045 
 UGC3431449, PavCraft,https://mod.io/g/pavlov/m/pavcraft1, THW_Reaper   DOWNLOADS TODAY/TOTAL; 11/2879 
 UGC3434452, Zombie Escape Testing Grounds,https://mod.io/g/pavlov/m/zombie-escape-testing-grounds1, EconnAKZ   DOWNLOADS TODAY/TOTAL; 77/14554 
 UGC3435969, Koda's Test Map,https://mod.io/g/pavlov/m/koda-test-map, KodaTheProto   DOWNLOADS TODAY/TOTAL; 5/282 
 UGC3436174, Winters Backrooms,https://mod.io/g/pavlov/m/winters-backrooms1, srwinter   DOWNLOADS TODAY/TOTAL; 3/162 
 UGC3437204, CODMVR,https://mod.io/g/pavlov/m/codmvr, Inkovic   DOWNLOADS TODAY/TOTAL; 4/248 
 UGC3437729, LousyAim's Test Map,https://mod.io/g/pavlov/m/lousyaims-test-map, lousyaim1231   DOWNLOADS TODAY/TOTAL; 0/82 
 UGC3437737, LousyAim's Island,https://mod.io/g/pavlov/m/lousyaims-test-map1, lousyaim1231   DOWNLOADS TODAY/TOTAL; 47/475 
 UGC3437900, Test Map,https://mod.io/g/pavlov/m/test-map9, Inkovic   DOWNLOADS TODAY/TOTAL; 0/77 
 UGC3439077, OG - Remastered,https://mod.io/g/pavlov/m/og-remaster, Xenovy   DOWNLOADS TODAY/TOTAL; 2502/46321 
 UGC3439857, ntesstt,https://mod.io/g/pavlov/m/5bugtest, PavIovShack   DOWNLOADS TODAY/TOTAL; 0/61 
 UGC3442234, gamepolis,https://mod.io/g/pavlov/m/gamepolis, McWIld77   DOWNLOADS TODAY/TOTAL; 1/58 
 UGC3445026, SpectatorMod,https://mod.io/g/pavlov/m/spectatormod, ryguy10712   DOWNLOADS TODAY/TOTAL; 4/1991 
 UGC3445056, SpectatorMap,https://mod.io/g/pavlov/m/spectatormap, ryguy10712   DOWNLOADS TODAY/TOTAL; 0/54 
 UGC3445123, Test for a Server mod,https://mod.io/g/pavlov/m/test-for-a-server-mod, Remixlandos   DOWNLOADS TODAY/TOTAL; 60/436 
 UGC3449034, Killer Clown (Alpha V0.3),https://mod.io/g/pavlov/m/killer, MaJerati   DOWNLOADS TODAY/TOTAL; 372/17330 
 UGC3449668, Backrooms,https://mod.io/g/pavlov/m/backrooms101, AlexanderHille   DOWNLOADS TODAY/TOTAL; 726/30449 
 UGC3450953, Los angeles,https://mod.io/g/pavlov/m/test413, danielvaser1307   DOWNLOADS TODAY/TOTAL; 13/879 
 UGC3452782, Arkio,https://mod.io/g/pavlov/m/arkio, Darudas   DOWNLOADS TODAY/TOTAL; 44/2671 
 UGC3455607, Save your self ww1,https://mod.io/g/pavlov/m/mg42-mounted1, Chocolate345678   DOWNLOADS TODAY/TOTAL; 829/25192 
 UGC3456231, PavZ: Valley,https://mod.io/g/pavlov/m/pavz-valley, ilPrimo   DOWNLOADS TODAY/TOTAL; 264/10063 
 UGC3456658, [VEH] Opel Blitz,https://mod.io/g/pavlov/m/vehopelblitz, Golden()   DOWNLOADS TODAY/TOTAL; 350/7893 
 UGC3457132, RP Death Town,https://mod.io/g/pavlov/m/rp-death-town, BonzoVR   DOWNLOADS TODAY/TOTAL; 515/14074 
 UGC3458682, Koda's Arcade,https://mod.io/g/pavlov/m/kodas-arcade, KodaTheProto   DOWNLOADS TODAY/TOTAL; 0/121 
 UGC3459127, Small's Simple Aim Trainer,https://mod.io/g/pavlov/m/aimtrainer, SmallDarkOne   DOWNLOADS TODAY/TOTAL; 75/2007 
 UGC3459346, Gm_Flatgrass,https://mod.io/g/pavlov/m/gmflatgrass, Forter346   DOWNLOADS TODAY/TOTAL; 12/632 
 UGC3462586, Rcon Plus,https://mod.io/g/pavlov/m/rcon-plus, KodaTheProto   DOWNLOADS TODAY/TOTAL; 1347/15557 
 UGC3464004, Slow Motion Kill,https://mod.io/g/pavlov/m/dramatic-slowmo, 8baller   DOWNLOADS TODAY/TOTAL; 25/2301 
 UGC3465644, Do not play (Unfinished),https://mod.io/g/pavlov/m/serious-rp, hjgf   DOWNLOADS TODAY/TOTAL; 1/63 
 UGC3465752, Colonist's playground SHACK,https://mod.io/g/pavlov/m/colonists-playground-shack, BritishColonist   DOWNLOADS TODAY/TOTAL; 1523/33864 
 UGC3466263, modtestmap,https://mod.io/g/pavlov/m/modtestmap, 8baller   DOWNLOADS TODAY/TOTAL; 3/180 
 UGC3468228, NEON,https://mod.io/g/pavlov/m/neon, Forter346   DOWNLOADS TODAY/TOTAL; 19/473 
 UGC3470165, NEON - GREEN,https://mod.io/g/pavlov/m/neon-recolor-1, Forter346   DOWNLOADS TODAY/TOTAL; 1/45 
 UGC3470192, Ban Test,https://mod.io/g/pavlov/m/ban-test, SmallDarkOne   DOWNLOADS TODAY/TOTAL; 0/27 
 UGC3470213, Simple Laser Tag,https://mod.io/g/pavlov/m/laser-tag, firebiteee   DOWNLOADS TODAY/TOTAL; 9/1754 
 UGC3470627, South London Roleplay (SLRP),https://mod.io/g/pavlov/m/south-london-roleplay-slrp, Flickzyy   DOWNLOADS TODAY/TOTAL; 2/103 
 UGC3471470, Download Counting Small,https://mod.io/g/pavlov/m/test8, SmallDarkOne   DOWNLOADS TODAY/TOTAL; 320/1962 
 UGC3471547, [COD4] Wetwork,https://mod.io/g/pavlov/m/wetwork, MessiahPenguin   DOWNLOADS TODAY/TOTAL; 42/436 
 UGC3471558, [COD4] Crossfire,https://mod.io/g/pavlov/m/crossfire, MessiahPenguin   DOWNLOADS TODAY/TOTAL; 13/219 
 UGC3471603, [COD4] Overgrown,https://mod.io/g/pavlov/m/overgrown, MessiahPenguin   DOWNLOADS TODAY/TOTAL; 19/248 
 UGC3471701, Gronk Squad,https://mod.io/g/pavlov/m/test416, MutieBastard2222   DOWNLOADS TODAY/TOTAL; 3/68 
 UGC3471723, [MOD] Cops vs Robbers,https://mod.io/g/pavlov/m/mod-cops-vs-robbers, MarkDey   DOWNLOADS TODAY/TOTAL; 736/7144 
 UGC3471979, Cops vs Robbers Town,https://mod.io/g/pavlov/m/cops-vs-robbers-town, MarkDey   DOWNLOADS TODAY/TOTAL; 535/2530 
 UGC3472214, Family Guy Living Room,https://mod.io/g/pavlov/m/family-guy-living-room, Xenovy   DOWNLOADS TODAY/TOTAL; 1321/19894 
 UGC3472618, South London RP,https://mod.io/g/pavlov/m/south-london-rp2, Flickzyy   DOWNLOADS TODAY/TOTAL; 3/219 
 UGC3472624, Hell,https://mod.io/g/pavlov/m/hell, RoiNami   DOWNLOADS TODAY/TOTAL; 0/49 
 UGC3473845, FirstMapMiniGulch,https://mod.io/g/pavlov/m/firstmapminigulch, liamrockwood   DOWNLOADS TODAY/TOTAL; 0/6 
 UGC3473926, Cops vs Robbers Mode,https://mod.io/g/pavlov/m/cops-vs-robbers-mode, MarkDey   DOWNLOADS TODAY/TOTAL; 704/6695 
 UGC3473979, Indianna jones from the dollar store,https://mod.io/g/pavlov/m/indianna-jones-from-the-dollar-store, RoiNami   DOWNLOADS TODAY/TOTAL; 5/190 
 UGC3476180, FusionX,https://mod.io/g/pavlov/m/fusionx, AlexanderHille   DOWNLOADS TODAY/TOTAL; 0/236 
 UGC3481589, UGC,https://mod.io/g/pavlov/m/ugc, RetroSelever   DOWNLOADS TODAY/TOTAL; 1/12 
 UGC3481979, MaJerati's Debug Map,https://mod.io/g/pavlov/m/debugmapstuff, MaJerati   DOWNLOADS TODAY/TOTAL; 2/5 
 UGC3482106, gladiator arena,https://mod.io/g/pavlov/m/gladitorial-combat, 8baller   DOWNLOADS TODAY/TOTAL; 9/53 
 UGC3482806, [Gamemode] Farding Snipers,https://mod.io/g/pavlov/m/farding-snipers, Buzz_McCallister   DOWNLOADS TODAY/TOTAL; 109/388 
 UGC3482829, Squeaker Stopmping sim,https://mod.io/g/pavlov/m/squeaker-stopmping-sim, RoiNami   DOWNLOADS TODAY/TOTAL; 0/35 
 UGC3482936, Squeaker Stopmping sim,https://mod.io/g/pavlov/m/squeaker-stopmping-sim4, RoiNami   DOWNLOADS TODAY/TOTAL; 0/0 
 UGC3483588, Scoutz Knivez,https://mod.io/g/pavlov/m/scoutz-knivez, Buzz_McCallister   DOWNLOADS TODAY/TOTAL; 173/193 
 UGC3484154, [MOD] Jumping Mod,https://mod.io/g/pavlov/m/mod-jumping-mod, MarkDey   DOWNLOADS TODAY/TOTAL; 225/323 
 UGC3484585, BOATMAN,https://mod.io/g/pavlov/m/boatman, golfwang1217   DOWNLOADS TODAY/TOTAL; 8/8 
