UGC,NAME,URL,
1_,UGC2802847_,KENNITHH's_Playground,_https://mod.io/g/pavlov/m/kennithhs-playground_
2_,UGC2849391_,DDAY_RUSH,_https://mod.io/g/pavlov/m/dday-rush1_
3_,UGC2813799_,MC_City_TTT,_https://mod.io/g/pavlov/m/mc-city-ttt_
4_,UGC3158618_,Big_Town,_https://mod.io/g/pavlov/m/ttt-big-town_
5_,UGC2773760_,Gravity,_https://mod.io/g/pavlov/m/gravity1_
6_,UGC3073539_,Frostdrake_Tower_(ZE),_https://mod.io/g/pavlov/m/frostdrake-tower-ze_
7_,UGC3116397_,Oasis:_Minecraft_Zombies,_https://mod.io/g/pavlov/m/oasis-minecraft-zombies_
8_,UGC2809826_,Kino_Der_Toten_Testing_CODz,_https://mod.io/g/pavlov/m/kino-der-toten-testing_
9_,UGC2970978_,[COD4]_Nuketown,_https://mod.io/g/pavlov/m/cod4-nuketown_
10_,UGC3189583_,CastleNight_CSGO,_https://mod.io/g/pavlov/m/castlenight-csgo_
11_,UGC2804322_,McDonalds_(Supports_Prophunt),_https://mod.io/g/pavlov/m/mcdonalds_
12_,UGC2817844_,Ballistic,_https://mod.io/g/pavlov/m/ballistic_
13_,UGC2996823_,Inferno_CSGO,_https://mod.io/g/pavlov/m/inferno-csgo_
14_,UGC3192154_,Dreamscape_(ZE),_https://mod.io/g/pavlov/m/dreamscape-ze_
15_,UGC3108148_,Cache_CSGO,_https://mod.io/g/pavlov/m/cache-csgo_
16_,UGC2804502_,Dust_2_CSGO,_https://mod.io/g/pavlov/m/cn-dust-2_
17_,UGC3199581_,Nuke_CSGO,_https://mod.io/g/pavlov/m/nuke-csgo_
18_,UGC2827985_,007_Bunker,_https://mod.io/g/pavlov/m/007-bunker_
19_,UGC2803820_,de_basalt,_https://mod.io/g/pavlov/m/de-basalt_
20_,UGC2803758_,Resurgence,_https://mod.io/g/pavlov/m/resurgence_
21_,UGC3174925_,FFVII:_Mako_Reactor_(ZE),_https://mod.io/g/pavlov/m/ffvii-mako-reactor-ze1_
22_,UGC3213099_,Mustang_CSGO,_https://mod.io/g/pavlov/m/mustang-csgo_
23_,UGC3173315_,Agency_CSGO,_https://mod.io/g/pavlov/m/agency-csgo_
24_,UGC3116594_,Reachsky,_https://mod.io/g/pavlov/m/reachsky_
25_,UGC2829349_,Aztec_(CS:GO),_https://mod.io/g/pavlov/m/aztec_
26_,UGC3061028_,Vice,_https://mod.io/g/pavlov/m/vice_
27_,UGC3199959_,Purples_RP,_https://mod.io/g/pavlov/m/tingsandbings_
28_,UGC3084806_,Villa:_Minecraft_Zombies,_https://mod.io/g/pavlov/m/villa-minecraft-zombies_
29_,UGC2827215_,BattleWar,_https://mod.io/g/pavlov/m/battlewar_
30_,UGC3194849_,[COD4]_Shipment,_https://mod.io/g/pavlov/m/shipment_
31_,UGC2816161_,Mayan,_https://mod.io/g/pavlov/m/mayan_
32_,UGC2771448_,TTT_New_Town,_https://mod.io/g/pavlov/m/ttt-new-town_
33_,UGC2810499_,Escape_From_Pavlov_2,_https://mod.io/g/pavlov/m/escape-from-pavlov1_
34_,UGC2802826_,Prophunt_Dunder_Mifflin,_https://mod.io/g/pavlov/m/dunder-mifflin_
35_,UGC2884476_,Dystopia,_https://mod.io/g/pavlov/m/dystopia_
36_,UGC2773654_,Hydro,_https://mod.io/g/pavlov/m/hydro1_
37_,UGC3069993_,Terminal,_https://mod.io/g/pavlov/m/terminal_
38_,UGC3131146_,Inferno_[CSGO],_https://mod.io/g/pavlov/m/inferno-csgo1_
39_,UGC3082519_,R6:_House_[SND,_TDM,_DM],_https://mod.io/g/pavlov/m/r6-house-snd-tdm-dm_
40_,UGC3073391_,Headlong,_https://mod.io/g/pavlov/m/headlong1_
41_,UGC3054096_,Venice,_https://mod.io/g/pavlov/m/venice_
42_,UGC3073725_,Frozen_Temple_(ZE),_https://mod.io/g/pavlov/m/frozen-temple-ze_
43_,UGC3137049_,Oilrig,_https://mod.io/g/pavlov/m/oilrig_
44_,UGC2810348_,Stash_House,_https://mod.io/g/pavlov/m/stash-house3_
45_,UGC3020535_,Mirage_CSGO,_https://mod.io/g/pavlov/m/mirage-csgo_
46_,UGC2804210_,MW3:_Dome,_https://mod.io/g/pavlov/m/dome_
47_,UGC2867687_,Overpass_CSGO,_https://mod.io/g/pavlov/m/overpass_
48_,UGC2811148_,Atlas,_https://mod.io/g/pavlov/m/atlas_
49_,UGC3103910_,Rust,_https://mod.io/g/pavlov/m/rust_
50_,UGC3094680_,Stockpile,_https://mod.io/g/pavlov/m/stockpile_
51_,UGC2879562_,Italy_CSGO,_https://mod.io/g/pavlov/m/cn-italy_
52_,UGC2802866_,DarkAt26's_Playground,_https://mod.io/g/pavlov/m/playground26_
53_,UGC2886706_,Inconvenient_Store,_https://mod.io/g/pavlov/m/inconvenient-store_
54_,UGC2816840_,Hunger_Games,_https://mod.io/g/pavlov/m/hunger-games1_
55_,UGC3002600_,Fire_(CS:GO),_https://mod.io/g/pavlov/m/fire_
56_,UGC3030223_,CODz_Parity_-_UE5_Upgrade_Testing,_https://mod.io/g/pavlov/m/codz-parity-ue5-upgrade-testing_
57_,UGC2806952_,Prophunt_Inc.,_https://mod.io/g/pavlov/m/prophunt-inc_
58_,UGC3107247_,Bidome_Survival_(CODZ),_https://mod.io/g/pavlov/m/bidome-survival-codz_
59_,UGC3048982_,Malibu,_https://mod.io/g/pavlov/m/malibu_
60_,UGC2811370_,Escape_The_Dead,_https://mod.io/g/pavlov/m/escape-the-dead_
61_,UGC3084882_,BATTLE_OF_ARNHEM_(BETA),_https://mod.io/g/pavlov/m/battle-of-arnhem_
62_,UGC3090639_,SCP:Secret_Laboratory,_https://mod.io/g/pavlov/m/scpsecret-laboratory_
63_,UGC3210963_,[MW2]_Rust,_https://mod.io/g/pavlov/m/rust1_
64_,UGC3037601_,[CSGO]_Pool_day,_https://mod.io/g/pavlov/m/csgo-pool-day_
65_,UGC2790869_,PavZ,_https://mod.io/g/pavlov/m/pavz_
66_,UGC2819268_,2Fort_(TF2),_https://mod.io/g/pavlov/m/2fort_
67_,UGC2845116_,[CSGO]_Safehouse,_https://mod.io/g/pavlov/m/safehouse_
68_,UGC3124627_,[BO2]_Nuketown,_https://mod.io/g/pavlov/m/bo3-nuketown_
69_,UGC2840384_,[CSGO]_Mirage,_https://mod.io/g/pavlov/m/mirage_
70_,UGC3083986_,BO2_Raid_Day,_https://mod.io/g/pavlov/m/bo2-raid-day_
71_,UGC3185563_,Crack_House,_https://mod.io/g/pavlov/m/crack-house_
72_,UGC2806718_,BO3_Nuk3town,_https://mod.io/g/pavlov/m/nuk3town_
73_,UGC2788214_,Tuscan_2022,_https://mod.io/g/pavlov/m/t-5-1-1_
74_,UGC2814848_,aim_map,_https://mod.io/g/pavlov/m/aim-map_
75_,UGC2816261_,Halo_3_-_Sandtrap,_https://mod.io/g/pavlov/m/halo-sandtrap2_
76_,UGC2865953_,Prophunt_Inc_5:_Abandoned_Hotel,_https://mod.io/g/pavlov/m/prophunt-inc-5_
77_,UGC3123766_,Ziba_Tower,_https://mod.io/g/pavlov/m/ziba-tower-bf31_
78_,UGC2888403_,Airsoft_WEST_1,_https://mod.io/g/pavlov/m/airsoft-west1-5-1-1_
79_,UGC2812378_,WW2_Brecourt_Manor_[Push],_https://mod.io/g/pavlov/m/ww2-brecourt-manor2_
80_,UGC2914188_,CODZ_Parity_Merge,_https://mod.io/g/pavlov/m/codz-parity-merge_
81_,UGC3021735_,Haven_Valorant_W.I.P.,_https://mod.io/g/pavlov/m/haven-valorant1_
82_,UGC3130002_,BO2_Plaza,_https://mod.io/g/pavlov/m/bo2-plasa_
83_,UGC2803492_,Omsk,_1919,_https://mod.io/g/pavlov/m/omsk-1919_
84_,UGC2802957_,Black_Ops_1_Gun_Tests,_https://mod.io/g/pavlov/m/bo1guntest_
85_,UGC2819934_,Prophunt_McDonalds_Night,_https://mod.io/g/pavlov/m/mcdonalds-night_
86_,UGC2884638_,Cyberslum,_https://mod.io/g/pavlov/m/cyberslum1_
87_,UGC3084980_,Roblox_Tycoon,_https://mod.io/g/pavlov/m/roblox-tycoon3_
88_,UGC3051188_,Zetch's_Vietnam5.1.1_(V.2),_https://mod.io/g/pavlov/m/vietnam511-v2_
90_,UGC2874668_,1918_PUSH_HC_(BETA),_https://mod.io/g/pavlov/m/1918_
91_,UGC2840583_,nautica,_https://mod.io/g/pavlov/m/nautica_
92_,UGC3109881_,WW1_RP_TESTING,_https://mod.io/g/pavlov/m/ww1-rp_
93_,UGC2820338_,Halo_Guns_Testing_Map,_https://mod.io/g/pavlov/m/halo-guns-testing-map_
94_,UGC3113703_,Dust_CSGO,_https://mod.io/g/pavlov/m/dust-csgo_
95_,UGC2802821_,Colonist's_Playground,_https://mod.io/g/pavlov/m/colonists-test-map_
96_,UGC2803451_,MCQuest_TTT,_https://mod.io/g/pavlov/m/mcquest-ttt1_
97_,UGC3200772_,[COD4]_BOG,_https://mod.io/g/pavlov/m/bog_
98_,UGC3205167_,[COD4]_Chinatown,_https://mod.io/g/pavlov/m/chinatown_
99_,UGC3108297_,Dungeon_of_The_Dead(PavZ),_https://mod.io/g/pavlov/m/dungeon-of-the-deadtdm_
100_,UGC2888205_,Toy-Soldiers,_https://mod.io/g/pavlov/m/toy-soldiers_
101_,UGC3115905_,Backrooms_-_Pitfalls,_https://mod.io/g/pavlov/m/backrooms-pitfalls_
102_,UGC3133621_,[COD4]_Backlot,_https://mod.io/g/pavlov/m/backlot_
103_,UGC3133545_,[COD4]_Ambush,_https://mod.io/g/pavlov/m/ambush_
104_,UGC2833539_,Solstice,_https://mod.io/g/pavlov/m/solstice_
105_,UGC3054923_,Fire_CSGO,_https://mod.io/g/pavlov/m/fire-csgo_
106_,UGC2815002_,Prophunt_Inc_3:_CQC,_https://mod.io/g/pavlov/m/prophunt-inc-3-cqc_
107_,UGC3119028_,Harbor,_https://mod.io/g/pavlov/m/harbor_
108_,UGC3051820_,Office_CSGO,_https://mod.io/g/pavlov/m/office-csgo_
109_,UGC2841131_,[CSGO]_Lake,_https://mod.io/g/pavlov/m/lake_
110_,UGC2812878_,Prophunt_Burger_King,_https://mod.io/g/pavlov/m/burger-king_
111_,UGC2888086_,Caged,_https://mod.io/g/pavlov/m/caged_
112_,UGC2827773_,BattleWar_2,_https://mod.io/g/pavlov/m/battlewar-2_
113_,UGC3087803_,Bioshock_TTT,_https://mod.io/g/pavlov/m/bioshock-ttt2_
114_,UGC2971042_,[COD4]_Summit,_https://mod.io/g/pavlov/m/cod4-summit_
115_,UGC2830195_,CityWar,_https://mod.io/g/pavlov/m/citywar_
116_,UGC2820291_,Double_Cross_(TF2),_https://mod.io/g/pavlov/m/double-cross-tf2_
117_,UGC2821968_,backrooms_battle,_https://mod.io/g/pavlov/m/backrooms-battle_
118_,UGC2886630_,Crazy_Chase_(D/N),_https://mod.io/g/pavlov/m/crazy-chase-dn_
119_,UGC2871454_,Train_CSGO,_https://mod.io/g/pavlov/m/cnoverpass_
120_,UGC2820337_,SnowTrail_[PUSH],_https://mod.io/g/pavlov/m/snowtrail_
121_,UGC3126365_,Stahlbrecher,_https://mod.io/g/pavlov/m/stahlbrecher_
122_,UGC3036150_,SPEED_HALO,_https://mod.io/g/pavlov/m/speed-halo_
123_,UGC3032599_,Apex,_https://mod.io/g/pavlov/m/apex_
124_,UGC3132480_,Dust_2_CSGO_Minecraft,_https://mod.io/g/pavlov/m/dust-2-minecraft_
125_,UGC3103883_,Tornado_Time,_https://mod.io/g/pavlov/m/tornado-time_
126_,UGC3009241_,Split_VALORANT,_https://mod.io/g/pavlov/m/split-valorant1_
127_,UGC3098031_,NukeTown_(Bo1),_https://mod.io/g/pavlov/m/shootingrangewip_
128_,UGC2887244_,aim_map_[no_armour],_https://mod.io/g/pavlov/m/aim-map-no-armour_
129_,UGC3086335_,Carentan,_France,_https://mod.io/g/pavlov/m/carentan_
130_,UGC2773863_,EveryItem,_https://mod.io/g/pavlov/m/everyitem1_
131_,UGC2972134_,[COD4]_Firing_Range,_https://mod.io/g/pavlov/m/cod4-firing-range_
132_,UGC2805630_,gavkips'_Testmap,_https://mod.io/g/pavlov/m/gavkips-testmap_
133_,UGC3039143_,Halo_3_VOI,_https://mod.io/g/pavlov/m/halo-3-voi_
134_,UGC3082354_,TTT_Ratcorp_Town,_https://mod.io/g/pavlov/m/ttt-ratcorp-town_
135_,UGC3202259_,[COD4]_Broadcast,_https://mod.io/g/pavlov/m/broadcast_
136_,UGC3173838_,monsk's_modding_playground,_https://mod.io/g/pavlov/m/monsks-modding-playground_
137_,UGC3200643_,WW3_France_vs_Germany_Push,_https://mod.io/g/pavlov/m/red-dawn-push_
138_,UGC3094925_,Nevada,_1989,_https://mod.io/g/pavlov/m/nevada-1989_
139_,UGC3105653_,WW2_Firestorm_[Push],_https://mod.io/g/pavlov/m/ww2-firestorm-push1_
140_,UGC2847379_,Berlin,_https://mod.io/g/pavlov/m/berlin_
141_,UGC3132934_,[COD4]_Crash,_https://mod.io/g/pavlov/m/cod4-crash_
142_,UGC2896800_,Airsoft_Forest_3,_https://mod.io/g/pavlov/m/airsoft-forest-3-5111_
143_,UGC3068410_,ButtMap,_https://mod.io/g/pavlov/m/buttmap_
144_,UGC2814416_,Prophunt_007_Casino_Royale,_https://mod.io/g/pavlov/m/casino-royale_
145_,UGC3199364_,Forest,_https://mod.io/g/pavlov/m/forest_
146_,UGC3090259_,Halo_2_Zanzibar,_https://mod.io/g/pavlov/m/halo-2-zanzibar_
147_,UGC2830130_,Guerilla,_https://mod.io/g/pavlov/m/guerilla_
148_,UGC2816873_,Prophunt_Inc_2,_https://mod.io/g/pavlov/m/prophunt-inc-2-bank_
149_,UGC3165818_,SCP-3008_TTT,_https://mod.io/g/pavlov/m/scp-3008-ttt_
150_,UGC2812444_,Prophunt_Assault,_https://mod.io/g/pavlov/m/assault-csgo_
151_,UGC3173489_,Manor,_https://mod.io/g/pavlov/m/manor_
152_,UGC3087417_,Rogueport,_https://mod.io/g/pavlov/m/rogueport_
153_,UGC3174024_,Sunstone,_https://mod.io/g/pavlov/m/sunstone_
154_,UGC2817792_,Suijin_(TF2),_https://mod.io/g/pavlov/m/suijin-tf2_
155_,UGC3130134_,TTT_Waffle_House,_https://mod.io/g/pavlov/m/ttt-waffle-house_
156_,UGC3122797_,de_anubis,_https://mod.io/g/pavlov/m/de-anubis_
157_,UGC3082796_,Villa:_Minecraft_Deathmatch,_https://mod.io/g/pavlov/m/villa-minecraft-deathmatch_
158_,UGC3171344_,Winter_Wonderland,_https://mod.io/g/pavlov/m/kannys-test-map_
159_,UGC3121810_,Ministry_(Insurgency),_https://mod.io/g/pavlov/m/ins-ministry_
160_,UGC3139006_,Colmar_DOD:S,_https://mod.io/g/pavlov/m/colmar-dods_
161_,UGC3213847_,Elysium_City_Roleplay,_https://mod.io/g/pavlov/m/elysium-city-roleplay_
162_,UGC3190070_,CastleWars_Classic,_https://mod.io/g/pavlov/m/castlewars_
163_,UGC3188315_,Vertigo_[CSGO],_https://mod.io/g/pavlov/m/vertigo-csgo_
164_,UGC3112058_,Siege_(Insurgency),_https://mod.io/g/pavlov/m/siege-insurgency_
165_,UGC3190100_,FN_Island,_https://mod.io/g/pavlov/m/fn-island_
166_,UGC3086063_,Dawnville_WWII,_https://mod.io/g/pavlov/m/dawnville_
167_,UGC2814661_,Prophunt_Clue,_https://mod.io/g/pavlov/m/clue_
168_,UGC3105641_,Marquis_(CS:GO),_https://mod.io/g/pavlov/m/marquis_
169_,UGC2814573_,PavCraft_(Closed_Alpha),_https://mod.io/g/pavlov/m/pavcraft3_
170_,UGC2839512_,Domino's_2,_https://mod.io/g/pavlov/m/dominos-2_
171_,UGC2870692_,Prophunt_Pool_Day,_https://mod.io/g/pavlov/m/pool-day_
172_,UGC3106258_,Aim_prison,_https://mod.io/g/pavlov/m/watching-city_
173_,UGC3002208_,Zoo_(CS:GO),_https://mod.io/g/pavlov/m/zoo-51_
174_,UGC2807885_,Nate's_Test_Map,_https://mod.io/g/pavlov/m/natestestmap_
175_,UGC2825545_,TTT_ShoppingMall,_https://mod.io/g/pavlov/m/ttt-shoppingmall_
176_,UGC3004969_,Airsoft_WEST_2,_https://mod.io/g/pavlov/m/airsoft-west-2-1_
177_,UGC2803442_,Bestest_Buy,_https://mod.io/g/pavlov/m/bestest-buy_
178_,UGC2886544_,Trainscalation,_https://mod.io/g/pavlov/m/trainscalation_
179_,UGC3135619_,WW3_US_vs_RU_PUSH,_https://mod.io/g/pavlov/m/ww3-us-vs-ru1_
180_,UGC2888263_,Inka_(Day/Night),_https://mod.io/g/pavlov/m/inka-daynight_
181_,UGC3101993_,KILL_SHOW,_https://mod.io/g/pavlov/m/kill-show_
182_,UGC2817649_,UT2004-Convoy,_https://mod.io/g/pavlov/m/ut2004-convoy_
183_,UGC2886595_,Airliner_(Day/Night),_https://mod.io/g/pavlov/m/airliner_
184_,UGC2819161_,Harvest_(TF2),_https://mod.io/g/pavlov/m/harvest-tf2_
185_,UGC2844898_,[CSGO]_Militia,_https://mod.io/g/pavlov/m/militia_
186_,UGC2824923_,Prophunt_Highrise,_https://mod.io/g/pavlov/m/highrise_
187_,UGC3071872_,Zanzibar,_https://mod.io/g/pavlov/m/zanzibar_
188_,UGC3086459_,SCP_push_map,_https://mod.io/g/pavlov/m/scp-push-map4_
189_,UGC3205731_,Craftys_Test_Map,_https://mod.io/g/pavlov/m/test305_
190_,UGC3102160_,Duck_Hunt,_https://mod.io/g/pavlov/m/duck-hunt_
191_,UGC2837150_,Vs_AI:_Donut_Shop,_https://mod.io/g/pavlov/m/vsaidonutshop_
192_,UGC3112779_,Join_Pavlov_SCP-SL,_https://mod.io/g/pavlov/m/join-pavlov-scp-sl_
193_,UGC2803729_,Coconut_Mall,_https://mod.io/g/pavlov/m/coconut-mall_
194_,UGC3068811_,Imperial_Castle,_https://mod.io/g/pavlov/m/imperial-castle_
195_,UGC2856317_,New_Year-SND,_https://mod.io/g/pavlov/m/new-year-snd_
196_,UGC2888157_,Garden-Heroes,_https://mod.io/g/pavlov/m/garden-heroes_
197_,UGC3099715_,Sphynx's_Aim_Wolrd_II,_https://mod.io/g/pavlov/m/sphynxs-aim-wolrd-ii_
198_,UGC2828201_,Rush_Hour,_https://mod.io/g/pavlov/m/rush-hour_
199_,UGC2808129_,Shadow_Moses,_https://mod.io/g/pavlov/m/shadow-moses_
200_,UGC3162333_,Sphynx's_aim_world_1,_https://mod.io/g/pavlov/m/sphynxs-aim-world-1_
201_,UGC2803489_,EatTestTools,_https://mod.io/g/pavlov/m/eattesttools_
202_,UGC3122571_,Season_(CS:GO),_https://mod.io/g/pavlov/m/season_
203_,UGC3191556_,KENNITHH's_PushTestMap,_https://mod.io/g/pavlov/m/kennithhs-pushtestmap_
204_,UGC2830707_,Prophunt_Richtown,_https://mod.io/g/pavlov/m/richtown_
205_,UGC2888234_,KILL_CIRCUS,_https://mod.io/g/pavlov/m/kill-circus_
206_,UGC3094700_,Theta,_https://mod.io/g/pavlov/m/theta_
207_,UGC2863169_,CN_Mirage_CSGO,_https://mod.io/g/pavlov/m/cn-miragemercenary-vs-superhero3_
208_,UGC3088535_,Leningrad,_Russia,_https://mod.io/g/pavlov/m/leningrad_
209_,UGC3088116_,Burgundy,_France,_https://mod.io/g/pavlov/m/burgundy_
210_,UGC2847072_,SHAME_CUBE,_https://mod.io/g/pavlov/m/shamecube_
211_,UGC3107523_,JaggerStepTestMap(PavZ),_https://mod.io/g/pavlov/m/jaggersteptestmap1_
212_,UGC2955081_,Station31,_https://mod.io/g/pavlov/m/station31_
213_,UGC3131282_,Ancient_[CSGO]_TESTING,_https://mod.io/g/pavlov/m/ancient-csgo_
214_,UGC3105868_,Highway_Rest_Area,_https://mod.io/g/pavlov/m/truckstop4_
215_,UGC3109522_,Contraband,_https://mod.io/g/pavlov/m/contraband_
216_,UGC2888298_,Dry_Sea_(Day/Night),_https://mod.io/g/pavlov/m/dry-sea-daynight_
217_,UGC3083432_,RE4_-_Krauser's_Stronghold,_https://mod.io/g/pavlov/m/re4-krausers-stronghold_
218_,UGC3094506_,Pipes,_https://mod.io/g/pavlov/m/pipes_
219_,UGC3196436_,roblox_ride_down_a_slide,_https://mod.io/g/pavlov/m/roblox-tycoon-simulator_
220_,UGC3082845_,L4D2_Rooftop_Testing_(ZWV_WIP),_https://mod.io/g/pavlov/m/l4d2-no-mercy-rooftop-wip_
221_,UGC2820283_,Fluffeh's_Debug_and_logic_testing_environment,_https://mod.io/g/pavlov/m/fluffehtesting_
222_,UGC3118346_,Panj_(Insurgency),_https://mod.io/g/pavlov/m/ins-panj_
223_,UGC2836506_,TorskeRavn_Test_Map,_https://mod.io/g/pavlov/m/star-wars-gun-range1_
224_,UGC2794023_,[Prop_Hunt]_Construction_Yard,_https://mod.io/g/pavlov/m/construction-site_
225_,UGC2999465_,Airsoft_Tropical_Island,_https://mod.io/g/pavlov/m/airsoft-tropical-island_
226_,UGC2806311_,surf!,_https://mod.io/g/pavlov/m/surf2_
227_,UGC2978545_,Craig_Johnson_Map_1,_https://mod.io/g/pavlov/m/craig-johnson-map-1_
228_,UGC3083588_,Speed_Gun,_https://mod.io/g/pavlov/m/speed-gun_
229_,UGC2880155_,Marble_Forest,_https://mod.io/g/pavlov/m/marble-forest_
230_,UGC3120090_,OG-ish_Containers,_https://mod.io/g/pavlov/m/og-ish-containers_
231_,UGC2857647_,Area_S4,_https://mod.io/g/pavlov/m/facility115_
232_,UGC3042588_,fy_iceworld_arena,_https://mod.io/g/pavlov/m/fy-iceworld-arena_
233_,UGC3106908_,TheNonworkbench,_https://mod.io/g/pavlov/m/thenonworkbench_
234_,UGC2966136_,Pacific_Storm_Fix,_https://mod.io/g/pavlov/m/pacific-storm-fix_
235_,UGC2922578_,Lavapit,_https://mod.io/g/pavlov/m/lavapit_
236_,UGC2849688_,testing_yes,_https://mod.io/g/pavlov/m/test201_
237_,UGC2829895_,NightZone,_https://mod.io/g/pavlov/m/nightzone_
238_,UGC2938585_,DeucesCharacterTestroom,_https://mod.io/g/pavlov/m/deucescharactertestroom_
239_,UGC3086259_,TGG_Sewer,_https://mod.io/g/pavlov/m/tgg-sewer_
240_,UGC3073279_,Containment,_https://mod.io/g/pavlov/m/containment_
241_,UGC2992119_,Ikea_3008_(TESTING),_https://mod.io/g/pavlov/m/test_
242_,UGC3117119_,desert_cqb_TDM,_https://mod.io/g/pavlov/m/ww3-us-vs-ru_
243_,UGC3106267_,Something_Wicked,_https://mod.io/g/pavlov/m/something-wicked_
244_,UGC3107702_,CGIslands,_https://mod.io/g/pavlov/m/cgislands_
245_,UGC3179233_,Inserts_test_map,_https://mod.io/g/pavlov/m/inserts-test-map_
246_,UGC3114776_,Kitchen_Rat,_https://mod.io/g/pavlov/m/kitchen-rat_
247_,UGC3178724_,Pavlov_Paintball,_https://mod.io/g/pavlov/m/pavlov-paintball_
248_,UGC3210701_,Menu_Map_Test,_https://mod.io/g/pavlov/m/menu-map-test_
249_,UGC3156817_,LG_Testing_Grounds,_https://mod.io/g/pavlov/m/lg-testing-grounds_
250_,UGC3200708_,Neighbor-Hood,_https://mod.io/g/pavlov/m/hood_
251_,UGC3104447_,Spawner_Test_Map,_https://mod.io/g/pavlov/m/spawner-test-map_
252_,UGC3050826_,dm_Forge,_https://mod.io/g/pavlov/m/pavlov-forge_
253_,UGC3083434_,RE4_-_Military_Base_&amp;_Capsule_Chamber,_https://mod.io/g/pavlov/m/re4-military-base-capsule-chamber_
254_,UGC2808848_,Anvil_-_Day,_https://mod.io/g/pavlov/m/anvil-day_
255_,UGC3157383_,Test_one,_https://mod.io/g/pavlov/m/test-one_
256_,UGC3153303_,goofy_test_map,_https://mod.io/g/pavlov/m/goofy-test-map_
257_,UGC3090622_,Alley,_https://mod.io/g/pavlov/m/alley_
258_,UGC3089497_,DeckersTestMappington,_https://mod.io/g/pavlov/m/deckerstestmappington_
259_,UGC2877615_,Alchemist's_Manor,_https://mod.io/g/pavlov/m/mansion_
260_,UGC3216099_,Test,_https://mod.io/g/pavlov/m/test307_
261_,UGC3141714_,1v1v1v1Random,_https://mod.io/g/pavlov/m/1v1v1v1random_
262_,UGC3083724_,Ghoulies_Mansion_[WIP],_https://mod.io/g/pavlov/m/grabbed-by-the-ghoulies-mansion_
263_,UGC3141732_,Kalt_Modern_Push,_https://mod.io/g/pavlov/m/kalt-modern-push_
264_,UGC3036325_,my_first_mod,_https://mod.io/g/pavlov/m/my-first-mod_
265_,UGC2808028_,SNDBlockout_YH_Test1,_https://mod.io/g/pavlov/m/sndblockout-v2-yh_
266_,UGC2912730_,PavWare,_https://mod.io/g/pavlov/m/pavware2_
267_,UGC3104692_,Ghostbusterrrr,_https://mod.io/g/pavlov/m/ghostbusterrrr_
268_,UGC2830099_,Prophunt_007_Runway,_https://mod.io/g/pavlov/m/007-runway_
269_,UGC3086807_,Toujane,_Tunisia,_https://mod.io/g/pavlov/m/toujane_
270_,UGC3072919_,Tombstone,_https://mod.io/g/pavlov/m/tombstone_
271_,UGC3127034_,Revolt_(Night)_(Insurgency),_https://mod.io/g/pavlov/m/revolt-night-insurgency_
272_,UGC3104506_,Wild_West_Clown_Infection,_https://mod.io/g/pavlov/m/wild-west-clown-infection_
273_,UGC3076966_,MW3:_Mission,_https://mod.io/g/pavlov/m/mission_
274_,UGC3072232_,Lockout,_https://mod.io/g/pavlov/m/lockout_
275_,UGC3105708_,PushAdvancedPack,_https://mod.io/g/pavlov/m/pushadvancedpack2_
276_,UGC2840314_,Crypts,_https://mod.io/g/pavlov/m/crypts_
277_,UGC3189342_,Menu_Map,_https://mod.io/g/pavlov/m/menu-map_
278_,UGC2813388_,Giger_Shafts,_https://mod.io/g/pavlov/m/giger-shafts_
279_,UGC3038947_,Halo_2_Turf,_https://mod.io/g/pavlov/m/halo-2-turf_
280_,UGC3113360_,Iceworld,_https://mod.io/g/pavlov/m/iceworld_
281_,UGC2876508_,üéâ,_https://mod.io/g/pavlov/m/party-emoji_
282_,UGC2815367_,Prophunt_cs_office,_https://mod.io/g/pavlov/m/prophunt-cs-office_
283_,UGC2925816_,Prophunt_Bullet_Train,_https://mod.io/g/pavlov/m/bullet-train_
284_,UGC2845324_,[Prop_Hunt]_Eggplant_Farm,_https://mod.io/g/pavlov/m/eggplant-farm_
285_,UGC2829998_,WarZone,_https://mod.io/g/pavlov/m/warzone_
286_,UGC2803370_,UltimateChimeraHunt,_https://mod.io/g/pavlov/m/ultimatechimerahunt_
287_,UGC3115890_,CQB,_https://mod.io/g/pavlov/m/cqb_
288_,UGC3101760_,RussianRouletteTTTv2,_https://mod.io/g/pavlov/m/russianroulettetttv2_
289_,UGC3136883_,Moose_Combat,_https://mod.io/g/pavlov/m/moose-combat_
290_,UGC2883129_,Prophunt_007_Japan,_https://mod.io/g/pavlov/m/007-japan_
291_,UGC3146251_,Prophunt_Alchemist,_https://mod.io/g/pavlov/m/prophunt-alchemist_
292_,UGC3082408_,Mountain_Valley_Reborn,_https://mod.io/g/pavlov/m/mountain-valley-reborn_
293_,UGC2880150_,Muzzle_Flash,_https://mod.io/g/pavlov/m/muzzle-flash_
294_,UGC2839629_,River_Station,_https://mod.io/g/pavlov/m/river-station_
295_,UGC2829997_,007_Cradle,_https://mod.io/g/pavlov/m/007-cradle_
296_,UGC3084151_,MW3_Hardhat,_https://mod.io/g/pavlov/m/mw3-hardhat_
297_,UGC2829244_,Terrarium,_https://mod.io/g/pavlov/m/terrarium_
298_,UGC3191940_,Waterworld,_https://mod.io/g/pavlov/m/waterworld_
299_,UGC2808019_,Port_Mackerel,_https://mod.io/g/pavlov/m/port-mackerel_
300_,UGC3196218_,NO_HOPE's_Test_Map,_https://mod.io/g/pavlov/m/no-hopes-test-map_
301_,UGC3127743_,SCP_TTT,_https://mod.io/g/pavlov/m/scp-ttt_
302_,UGC2815354_,SWAT4_-_Fairfax_Residence,_https://mod.io/g/pavlov/m/swat4-fairfax-residence3_
303_,UGC2843468_,Conga,_https://mod.io/g/pavlov/m/conga_
304_,UGC3141011_,Newt_Newt,_https://mod.io/g/pavlov/m/newtnewt_
305_,UGC2888124_,Left_in_the_car,_https://mod.io/g/pavlov/m/left-in-the-car_
306_,UGC2827018_,CQB-Silo,_https://mod.io/g/pavlov/m/silo_
307_,UGC2811593_,Starship_Vespera,_https://mod.io/g/pavlov/m/starship-vespera_
308_,UGC2825296_,LifeMod2_0_IN_TESTING,_https://mod.io/g/pavlov/m/lifemod2-0_
309_,UGC3096878_,map,_https://mod.io/g/pavlov/m/map_
310_,UGC2832632_,BorkBork,_https://mod.io/g/pavlov/m/borkbork1_
311_,UGC2880160_,Mope_Mope,_https://mod.io/g/pavlov/m/mope-mope_
312_,UGC2810539_,Prophunt_Restaurant,_https://mod.io/g/pavlov/m/prophunt-restaurant_
313_,UGC2888400_,Insane_in_Ukraine_(D/N),_https://mod.io/g/pavlov/m/insane-in-ukraine-dn_
314_,UGC2812319_,Prophunt_67th_Way,_https://mod.io/g/pavlov/m/67th-way_
315_,UGC3149728_,Prophunt_Supermarket,_https://mod.io/g/pavlov/m/prophunt-supermarket_
316_,UGC3082868_,RE4_Village,_https://mod.io/g/pavlov/m/re4-village_
317_,UGC2830290_,BattleWar_3,_https://mod.io/g/pavlov/m/battlewar-3_
318_,UGC3090571_,Railyard,_Russia,_https://mod.io/g/pavlov/m/railyard_
319_,UGC3139876_,Bikini_Bathhouse,_https://mod.io/g/pavlov/m/bikini-bathhouse_
320_,UGC2888042_,Cliffs_(Day/Night),_https://mod.io/g/pavlov/m/cliffs-daynight_
321_,UGC2803186_,Raid_Shadow_Legends,_https://mod.io/g/pavlov/m/raid-shadow-legends_
322_,UGC3094343_,Egypt_TTT,_https://mod.io/g/pavlov/m/egypt-ttt2_
323_,UGC3187613_,Kokiri_Forest,_https://mod.io/g/pavlov/m/kokiri-forest_
324_,UGC2916514_,No's_Test_Map_2,_https://mod.io/g/pavlov/m/nos-test-map-2_
325_,UGC3097601_,Liminal,_https://mod.io/g/pavlov/m/liminal_
326_,UGC2830770_,Pistol_Office,_https://mod.io/g/pavlov/m/pistol-office_
327_,UGC3094877_,Leaf's_Admin_Menu_Testing,_https://mod.io/g/pavlov/m/leafs-admin-menu-testing_
328_,UGC2888227_,Inside,_https://mod.io/g/pavlov/m/inside_
329_,UGC2811176_,ValGunTest(V2.1)BETA,_https://mod.io/g/pavlov/m/valguntestv21beta_
330_,UGC3068669_,Vigilance,_https://mod.io/g/pavlov/m/vigilence_
331_,UGC3200011_,Purples_RP,_https://mod.io/g/pavlov/m/purples-rp_
332_,UGC3090419_,St_Mere_Eglise,_France,_https://mod.io/g/pavlov/m/st-mere-eglise_
333_,UGC3154477_,DodWeapons,_https://mod.io/g/pavlov/m/dodweapons_
334_,UGC3176694_,FN_Island_INFCT,_https://mod.io/g/pavlov/m/fn-island-infct1_
335_,UGC3101831_,KILL_THEATER,_https://mod.io/g/pavlov/m/kill-theater_
336_,UGC2938720_,(test)Dwarven_Cave_City(TDM,_Gun_Game,_OITC,_SND),_https://mod.io/g/pavlov/m/wubnubmap_
337_,UGC3099930_,Splatter_Monkey,_https://mod.io/g/pavlov/m/splatter-monkey_
338_,UGC3087808_,EscheressenceTTTv2,_https://mod.io/g/pavlov/m/escheressence2_
339_,UGC3011126_,de_dust2_(CS1.6),_https://mod.io/g/pavlov/m/dust-2-16_
340_,UGC2846803_,Kinetic,_https://mod.io/g/pavlov/m/kinetic_
341_,UGC3113040_,BloodStrike,_https://mod.io/g/pavlov/m/blood-strike_
342_,UGC2831522_,Gasworks,_https://mod.io/g/pavlov/m/gasworks_
343_,UGC3081825_,Prophunt_Western,_https://mod.io/g/pavlov/m/prophunt-western_
344_,UGC3192289_,Leaf's_JB_Test_(WIP),_https://mod.io/g/pavlov/m/leafs-jb-test-wip_
345_,UGC3110388_,gun_testing_and_that,_https://mod.io/g/pavlov/m/gun-testing-and-that_
346_,UGC2886889_,Pavlovs_of_the_Caribbean,_https://mod.io/g/pavlov/m/pavlovsofthecaribbeanue5_
347_,UGC2888008_,2_boys_1_room,_https://mod.io/g/pavlov/m/2-boys-1-room_
348_,UGC3072671_,Sanctuary,_https://mod.io/g/pavlov/m/sanctuary_
349_,UGC3101616_,definetly_not_og_containers,_https://mod.io/g/pavlov/m/definetly-not-og-containers_
350_,UGC3122260_,Dolls_TTT,_https://mod.io/g/pavlov/m/dolls-ttt_
351_,UGC2826705_,Prophunt_Sewers,_https://mod.io/g/pavlov/m/sewers_
352_,UGC2810675_,Euphrates_[Push],_https://mod.io/g/pavlov/m/euphrates_
353_,UGC3114190_,Prophunt_Barrel_House,_https://mod.io/g/pavlov/m/prophunt-barrel-house_
354_,UGC3104945_,HoTTTel_Delfino,_https://mod.io/g/pavlov/m/hotttel-delfino_
355_,UGC3093105_,Excess_Express,_https://mod.io/g/pavlov/m/excess-express_
356_,UGC3095684_,Ampsterdam_(_COD:CW),_https://mod.io/g/pavlov/m/ampsterdam-codcw_
357_,UGC2816097_,base_battle,_https://mod.io/g/pavlov/m/base-battle_
358_,UGC3043833_,Open_World,_https://mod.io/g/pavlov/m/stylized-survival_
359_,UGC2833513_,Final_Destination_FAST,_https://mod.io/g/pavlov/m/final-destination-fast_
360_,UGC3056794_,1V1_Warehouse,_https://mod.io/g/pavlov/m/testmap4_
361_,UGC2968362_,deuce_guns_6,_https://mod.io/g/pavlov/m/deuce-guns-6_
362_,UGC2943937_,Olive_Garden_2,_https://mod.io/g/pavlov/m/olive-garden-2_
363_,UGC3139254_,Anzio_DOD:S,_https://mod.io/g/pavlov/m/anzio-dods_
364_,UGC2810764_,Prophunt_Inc_4:_Warehouse,_https://mod.io/g/pavlov/m/prophunt-inc-4-warehouse_
365_,UGC3090472_,VineYard.02[Push][ww2],_https://mod.io/g/pavlov/m/vineyardfix-testpush_
366_,UGC3104159_,Port_Ship,_https://mod.io/g/pavlov/m/port-ship-tdm_
367_,UGC2828355_,BattleArena,_https://mod.io/g/pavlov/m/battlearena_
368_,UGC3018770_,Studio_(CS:GO),_https://mod.io/g/pavlov/m/studio_
369_,UGC2840452_,Wibbly_wobbly,_timey_wimey,_https://mod.io/g/pavlov/m/wibbly-wobbly-timey-wimey_
370_,UGC2815151_,Prophunt_Exile,_https://mod.io/g/pavlov/m/exile_
371_,UGC3008240_,WW3:_IRON_CURTAIN,_https://mod.io/g/pavlov/m/spring-offensive-ww1_
372_,UGC3118444_,Adventurers_Club_TTT,_https://mod.io/g/pavlov/m/adventurers-club_
373_,UGC2812175_,Tigris,_https://mod.io/g/pavlov/m/tigris_
374_,UGC3020695_,Poachers_Market,_https://mod.io/g/pavlov/m/poachers-market_
375_,UGC3038563_,RC's_Mod.01,_https://mod.io/g/pavlov/m/rcs-mod011_
376_,UGC3085188_,Pearl,_https://mod.io/g/pavlov/m/pearl_
377_,UGC3108506_,VDCHINA's_Party_Club,_https://mod.io/g/pavlov/m/vdchinas-partyclub_
378_,UGC3050400_,KillerJim's_Breakfloor,_https://mod.io/g/pavlov/m/breakfloor1_
379_,UGC3083424_,RE4_-_Castle,_https://mod.io/g/pavlov/m/re4-castle_
380_,UGC2886806_,KILL_CLUB,_https://mod.io/g/pavlov/m/kill-club_
381_,UGC3166756_,Airsoft_Afghanistan_Mountain_01,_https://mod.io/g/pavlov/m/airsoft-desert-01_
382_,UGC2844388_,Project_Venator,_https://mod.io/g/pavlov/m/project-venator_
383_,UGC2804073_,Militia_1.6,_https://mod.io/g/pavlov/m/militia-16_
384_,UGC3192565_,Emery's_Testing_map,_https://mod.io/g/pavlov/m/emerys-testing-map_
385_,UGC2830510_,RiverSide,_https://mod.io/g/pavlov/m/riverside_
386_,UGC3141442_,Kalt_DOD:S,_https://mod.io/g/pavlov/m/kalt-dods_
387_,UGC3168273_,Pavlov_gunfight_map,_https://mod.io/g/pavlov/m/gunfight-base-maps_
388_,UGC3122309_,Rio_Favela,_https://mod.io/g/pavlov/m/rio-favela_
389_,UGC3181306_,SCP-026_TTT,_https://mod.io/g/pavlov/m/scp-026-ttt_
390_,UGC3090501_,Matmata,_Tunisia,_https://mod.io/g/pavlov/m/matmata_
391_,UGC3119972_,Argument_in_da_House,_https://mod.io/g/pavlov/m/argument-in-da-house_
392_,UGC3083425_,RE4_-_Island,_https://mod.io/g/pavlov/m/re4-island_
393_,UGC3194409_,cool_obbey,_https://mod.io/g/pavlov/m/cool-obbhect-cool_
394_,UGC2886330_,Sky_Temple_(Day/Night),_https://mod.io/g/pavlov/m/sky-temple-daynight_
395_,UGC3072323_,Turf,_https://mod.io/g/pavlov/m/turf_
396_,UGC3133037_,27v27v27,_https://mod.io/g/pavlov/m/27v27_
397_,UGC3140284_,Donner_DOD:S,_https://mod.io/g/pavlov/m/donner-dods_
398_,UGC3195995_,Marco's_testing_map,_https://mod.io/g/pavlov/m/marcos-testing-map_
399_,UGC3083431_,RE4_Salazar's_Maze/Garden,_https://mod.io/g/pavlov/m/re4-salazars-mazegarden_
400_,UGC3048398_,Facility-7:_Genetics_B,_https://mod.io/g/pavlov/m/facility-7-genetics_
401_,UGC3103265_,SuperMarBrosTTTv2,_https://mod.io/g/pavlov/m/supermarbrostttv2_
402_,UGC3086457_,vr_item_testing,_https://mod.io/g/pavlov/m/vr-item-testing_
403_,UGC2808914_,[PVFR]_The_Studio,_https://mod.io/g/pavlov/m/pvfr-the-studio_
404_,UGC3099724_,TTT_Snow,_https://mod.io/g/pavlov/m/ttt-snow2_
405_,UGC3125130_,TheLungeDomeTTTv2,_https://mod.io/g/pavlov/m/thelungedometttv2_
406_,UGC3131471_,GrungeThingTTTv2,_https://mod.io/g/pavlov/m/grungethingtttv2_
407_,UGC3084986_,Hospital_Roof,_https://mod.io/g/pavlov/m/hospital-roof_
408_,UGC3083004_,UFO_Crash_Site,_https://mod.io/g/pavlov/m/ufo-crash-site_
409_,UGC3085903_,ASC29_(Testing,_dont_play),_https://mod.io/g/pavlov/m/asc29_
410_,UGC3090768_,portal,_https://mod.io/g/pavlov/m/portal_
411_,UGC3091110_,CSGO_Mirage_Retakes_WIP,_https://mod.io/g/pavlov/m/mirageretakes_
412_,UGC3083433_,RE4_-_Underground_Ruins,_https://mod.io/g/pavlov/m/re4-underground-ruins_
413_,UGC3119517_,Hdn_Mansion,_https://mod.io/g/pavlov/m/mansion1_
414_,UGC3095471_,untitled,_https://mod.io/g/pavlov/m/untitled_
415_,UGC3141749_,Palermo_DOD:S,_https://mod.io/g/pavlov/m/palermo-dods_
416_,UGC3135075_,CSGO_Dizzy_Day,_https://mod.io/g/pavlov/m/csgo-dizzy_
417_,UGC3084185_,Reds_Rp,_https://mod.io/g/pavlov/m/reds-rp_
418_,UGC2888337_,Tropical_Rock_(D/N),_https://mod.io/g/pavlov/m/tropical-rock-dn_
419_,UGC3094133_,Twin_Towers,_https://mod.io/g/pavlov/m/rural_
420_,UGC3104619_,Map_Test,_https://mod.io/g/pavlov/m/map-test_
421_,UGC3142210_,FrostFire,_https://mod.io/g/pavlov/m/frostpie_
422_,UGC3121951_,TEST_(WIP)_Stoned,_https://mod.io/g/pavlov/m/gold-rush_
423_,UGC2838250_,Fresh_Meat,_https://mod.io/g/pavlov/m/fresh-meat_
424_,UGC3137623_,CSGO_Dizzy_Night,_https://mod.io/g/pavlov/m/csgo-dizzy-night_
425_,UGC3107659_,MC_Sanctuary,_https://mod.io/g/pavlov/m/mc-sanctuary2_
426_,UGC2811999_,Prophunt_Floating_Isles,_https://mod.io/g/pavlov/m/floating-isles_
427_,UGC3083429_,RE4_Waterworld_/_Dockside,_https://mod.io/g/pavlov/m/re4-waterworld-dockside_
428_,UGC3181068_,The_Road_TDM,_https://mod.io/g/pavlov/m/tdm-the-road_
429_,UGC2804617_,Uplink,_https://mod.io/g/pavlov/m/uplink3_
430_,UGC3088058_,zen,_https://mod.io/g/pavlov/m/zen1_
431_,UGC3088865_,BO2_Raid_Night,_https://mod.io/g/pavlov/m/bo2-raid-night_
432_,UGC3140377_,Flash_DOD:S,_https://mod.io/g/pavlov/m/flash-dods_
433_,UGC3092199_,The_Hidden_Map,_https://mod.io/g/pavlov/m/the-hidden-map_
434_,UGC2844446_,Bingus,_https://mod.io/g/pavlov/m/bingus_
435_,UGC2911758_,PavWare,_https://mod.io/g/pavlov/m/pavware_
436_,UGC3073046_,Collosus,_https://mod.io/g/pavlov/m/collosus_
437_,UGC3001194_,Test_War_Map,_https://mod.io/g/pavlov/m/idk2_
438_,UGC3154678_,Chill_Out_Test,_https://mod.io/g/pavlov/m/chill-out-test_
439_,UGC2826805_,Hidden_Vally,_https://mod.io/g/pavlov/m/competition_
440_,UGC2879675_,MTNVLY_2.0,_https://mod.io/g/pavlov/m/mtnvly-20_
441_,UGC2807269_,Anvil_-_Night,_https://mod.io/g/pavlov/m/anvil-night_
442_,UGC3139612_,Argentan_DOD:S,_https://mod.io/g/pavlov/m/argentan-dods_
443_,UGC3106322_,The_Road_-_(Push_and_TDM),_https://mod.io/g/pavlov/m/the-road_
444_,UGC3159268_,Copper'sSndMap,_https://mod.io/g/pavlov/m/sndmap_
445_,UGC2841715_,Remnant,_https://mod.io/g/pavlov/m/remnant1_
446_,UGC3113050_,Patron_Packs!,_https://mod.io/g/pavlov/m/patron-packs_
447_,UGC2842874_,[CSGO]_Amigo,_https://mod.io/g/pavlov/m/amigo_
448_,UGC3022427_,Paint_Ball,_https://mod.io/g/pavlov/m/paint-ball_
449_,UGC3101461_,Out_of_Control!,_https://mod.io/g/pavlov/m/ooc_
450_,UGC2812580_,Bunker_Blitz,_https://mod.io/g/pavlov/m/bunker-blitz_
451_,UGC3124365_,BO1_Jungle,_https://mod.io/g/pavlov/m/bo1-jungle_
452_,UGC2866474_,Gun_Game,_https://mod.io/g/pavlov/m/placeholder_
453_,UGC3119895_,Hdn_Warehouse,_https://mod.io/g/pavlov/m/warehouse_
454_,UGC2804778_,CocoNOT_Mall,_https://mod.io/g/pavlov/m/coconot-mall_
455_,UGC3112489_,Test,_https://mod.io/g/pavlov/m/test260_
456_,UGC2828260_,World_in_the_sky,_https://mod.io/g/pavlov/m/world-in-the-sky_
457_,UGC3141589_,Kaltmarnacht,_https://mod.io/g/pavlov/m/kaltmarnacht_
458_,UGC3072355_,Winter_Cottage,_https://mod.io/g/pavlov/m/winter-cottage1_
459_,UGC3140344_,Flanzio,_https://mod.io/g/pavlov/m/flanzio_
460_,UGC3117310_,Harbor_Ida_(_WarRock_),_https://mod.io/g/pavlov/m/harbor-ida_
461_,UGC3153618_,Symmetryv1,_https://mod.io/g/pavlov/m/symmetryv1_
462_,UGC3068524_,Ivory_Tower,_https://mod.io/g/pavlov/m/ivory-tower_
463_,UGC3119672_,Apartment_(D/N),_https://mod.io/g/pavlov/m/apartment-dn_
464_,UGC3168376_,Pavlov_Gunfight,_https://mod.io/g/pavlov/m/pavlov-gunfight_
465_,UGC3001937_,PushTest,_https://mod.io/g/pavlov/m/pushtest_
466_,UGC3178797_,Marauders_|_Arctic,_https://mod.io/g/pavlov/m/pavlov-squad-desert_
467_,UGC2806578_,SWAT4_-_Garage,_https://mod.io/g/pavlov/m/swat4-garage3_
468_,UGC2809514_,Deathstar_PvP_(WIP),_https://mod.io/g/pavlov/m/deathstar-pvp_
469_,UGC3105464_,Mall_TTT,_https://mod.io/g/pavlov/m/mall-ttt_
470_,UGC3086553_,BravSoldat,_https://mod.io/g/pavlov/m/bravsoldat_
472_,UGC3211560_,Runaway_train,_https://mod.io/g/pavlov/m/runaway_
473_,UGC3210995_,[COD4]_Countdown,_https://mod.io/g/pavlov/m/countdown_
474_,UGC3123024_,Debug,_https://mod.io/g/pavlov/m/debug_
476_,UGC2788277_,Pipes,_https://mod.io/g/pavlov/m/pipes1_
477_,UGC3225508_,Cache,_https://mod.io/g/pavlov/m/cache1_
479_,UGC3214884_,MemeoriaWIP,_https://mod.io/g/pavlov/m/memeoriawip_
480_,UGC2906774_,Frog,_https://mod.io/g/pavlov/m/frog_
481_,UGC2919693_,VÃµÕùÕäÃîÕåÕÇÕÜÕëÕÅÃÅÃëÕíÕñÕôÃ≤ÃØÃßÃûÕáÃ≤ÕîÃ§·¥á Ä·¥õ…™·¥Ñ·¥Ä ü ü è_·¥ú…¥·¥Ñ ú·¥Ä ü ü·¥á…¥…¢·¥á·¥Ö[WIP],_https://mod.io/g/pavlov/m/horizontallyunchallenged_
483_,UGC3030724_,TestTown5.0,_https://mod.io/g/pavlov/m/testtown502_
484_,UGC3223142_,VDCHINA_TEST_MAP,_https://mod.io/g/pavlov/m/vdchina-test-map_
487_,UGC3227245_,MrFantas_Test_Map_V2,_https://mod.io/g/pavlov/m/mrfantas-test-map-v2_
488_,UGC3224017_,Big_Shipment,_https://mod.io/g/pavlov/m/big-shipment_
496_,UGC2945379_,Funney,_https://mod.io/g/pavlov/m/funney_
686_,UGC3228771_,[PUSH]_Arid_Strife,_https://mod.io/g/pavlov/m/arid-strife_
687_,UGC3229032_,[CSGO]_McDonalds,_https://mod.io/g/pavlov/m/mcdonalds1_
